epoch,train_acc_correct,train_acc_mislabeled,val_acc_noisy,val_acc_clean
1,34.7217,14.5011,27.7600,33.0800
2,44.7399,16.7044,34.4400,41.8000
3,48.7598,15.0864,35.0400,44.7800
4,57.2273,14.3354,39.1200,53.4200
5,61.2287,13.2034,41.2400,56.0800
6,57.0228,14.0427,40.3200,52.3600
7,64.7577,13.8495,43.2200,58.7600
8,66.3642,14.6723,45.0600,60.1400
9,68.6661,14.1090,47.2600,64.5400
10,75.3970,11.8118,49.4400,70.5200
11,71.2357,14.4238,47.9600,67.3200
12,77.4943,12.7230,50.7600,70.4000
13,67.9372,12.8997,46.1200,63.7200
14,78.5095,11.7345,50.9200,73.3600
15,78.0149,12.4745,51.4800,72.3200
16,77.7621,12.9218,51.2400,72.0400
17,70.5738,13.0653,46.8800,61.7800
18,79.1194,13.8936,51.6000,72.9600
19,77.1968,13.8826,51.5800,69.6200
20,78.4686,11.8505,50.5800,72.1400
21,83.2509,12.3143,52.8800,76.4200
22,80.8560,12.1652,51.8600,74.8600
23,81.3730,12.9328,53.1600,75.1200
24,82.3398,12.7506,51.5400,74.6800
25,81.0755,13.9157,52.5200,73.5200
26,81.3618,13.8660,52.4800,74.5800
27,81.5924,15.0919,52.5800,74.8000
28,84.9243,13.9378,53.9400,76.5400
29,79.6921,16.2902,53.4400,70.7600
30,87.7171,12.3916,55.2200,79.6600
31,86.3597,13.7666,54.6000,78.1000
32,84.2364,16.5443,55.2000,75.4400
33,88.6282,13.2255,54.9600,81.0000
34,86.6349,14.7054,54.2000,77.2600
35,88.7620,14.5287,55.7200,80.9600
36,88.3567,15.9479,54.5800,78.5400
37,89.3719,15.2631,54.4200,78.6400
38,88.9331,16.6381,54.4200,79.0000
39,89.0893,17.5714,55.2800,78.8400
40,89.9855,17.4885,55.1200,78.8800
41,90.9375,19.3771,54.8200,79.9200
42,91.1569,20.3159,55.5200,79.3000
43,87.4196,22.2265,53.4600,75.2000
44,92.2837,23.1874,55.8400,78.9400
45,92.7411,25.2526,55.7200,78.6200
46,93.6856,26.4123,55.5200,79.6800
47,93.1129,27.4449,54.7000,78.6000
48,90.5693,31.7908,54.1000,74.2400
49,92.8006,33.6904,53.2600,75.3000
50,93.6187,36.9043,53.9600,75.7200
51,94.3736,39.3948,53.7000,76.7000
52,94.7603,44.5856,52.7600,74.8400
53,95.5822,49.4671,53.0200,75.1200
54,95.7979,54.5585,52.8600,73.5800
55,95.8685,59.1529,51.9800,72.7600
56,96.6569,62.2950,51.6600,73.5800
57,96.6866,66.6906,51.0200,71.1600
58,96.9060,68.8056,51.5200,71.8400
59,97.1515,69.2915,51.7600,72.0600
60,97.1849,69.6118,51.6800,72.1200
