id,pred
0,0
1,8
2,8
3,3
4,6
5,0
6,1
7,2
8,4
9,2
10,0
11,4
12,5
13,2
14,5
15,1
16,2
17,4
18,0
19,5
20,1
21,3
22,0
23,3
24,3
25,2
26,6
27,8
28,5
29,5
30,9
31,5
32,0
33,2
34,8
35,9
36,2
37,1
38,1
39,7
40,9
41,8
42,1
43,7
44,2
45,1
46,3
47,5
48,8
49,0
50,4
51,1
52,8
53,3
54,9
55,2
56,6
57,8
58,2
59,7
60,3
61,5
62,2
63,6
64,7
65,0
66,4
67,8
68,0
69,7
70,3
71,9
72,2
73,3
74,3
75,7
76,0
77,3
78,3
79,5
80,7
81,2
82,2
83,5
84,8
85,7
86,3
87,2
88,1
89,0
90,5
91,8
92,4
93,0
94,7
95,6
96,1
97,6
98,8
99,3
100,4
101,8
102,9
103,4
104,0
105,8
106,6
107,4
108,7
109,0
110,5
111,4
112,5
113,6
114,9
115,2
116,5
117,3
118,0
119,1
120,3
121,8
122,1
123,6
124,9
125,2
126,9
127,6
128,2
129,1
130,3
131,6
132,1
133,8
134,4
135,7
136,2
137,0
138,8
139,8
140,3
141,6
142,7
143,5
144,8
145,0
146,0
147,8
148,4
149,2
150,6
151,8
152,6
153,8
154,2
155,3
156,5
157,8
158,7
159,1
160,3
161,9
162,2
163,2
164,5
165,7
166,2
167,6
168,7
169,6
170,2
171,8
172,4
173,7
174,3
175,7
176,9
177,2
178,9
179,0
180,7
181,3
182,1
183,7
184,5
185,7
186,5
187,1
188,1
189,5
190,0
191,7
192,9
193,8
194,9
195,0
196,4
197,8
198,7
199,2
200,1
201,2
202,2
203,7
204,8
205,3
206,3
207,2
208,6
209,9
210,9
211,7
212,5
213,5
214,0
215,9
216,5
217,1
218,9
219,3
220,1
221,0
222,7
223,7
224,2
225,3
226,6
227,8
228,9
229,8
230,2
231,3
232,7
233,4
234,4
235,5
236,1
237,0
238,6
239,7
240,7
241,9
242,6
243,0
244,6
245,1
246,4
247,7
248,9
249,6
250,4
251,0
252,2
253,2
254,6
255,9
256,5
257,8
258,2
259,9
260,1
261,7
262,2
263,5
264,4
265,7
266,4
267,1
268,3
269,8
270,7
271,6
272,5
273,7
274,8
275,4
276,3
277,1
278,8
279,2
280,1
281,0
282,9
283,3
284,6
285,6
286,7
287,8
288,9
289,4
290,2
291,5
292,8
293,6
294,4
295,8
296,8
297,0
298,4
299,5
300,5
301,8
302,0
303,4
304,5
305,5
306,2
307,9
308,7
309,1
310,8
311,3
312,3
313,6
314,6
315,9
316,9
317,9
318,5
319,5
320,8
321,7
322,4
323,6
324,4
325,3
326,0
327,3
328,2
329,1
330,5
331,9
332,8
333,0
334,6
335,0
336,2
337,3
338,6
339,9
340,8
341,6
342,5
343,0
344,5
345,8
346,7
347,8
348,3
349,8
350,0
351,2
352,9
353,1
354,6
355,1
356,9
357,6
358,1
359,5
360,9
361,6
362,2
363,5
364,4
365,3
366,1
367,3
368,9
369,9
370,7
371,0
372,4
373,0
374,6
375,3
376,3
377,3
378,2
379,9
380,3
381,8
382,5
383,5
384,0
385,9
386,9
387,8
388,8
389,4
390,6
391,0
392,3
393,0
394,0
395,8
396,8
397,2
398,0
399,6
400,6
401,1
402,4
403,1
404,2
405,8
406,5
407,9
408,1
409,7
410,2
411,1
412,7
413,4
414,2
415,5
416,0
417,3
418,9
419,4
420,2
421,3
422,6
423,8
424,1
425,0
426,6
427,8
428,7
429,5
430,0
431,1
432,5
433,2
434,5
435,5
436,1
437,2
438,1
439,2
440,3
441,8
442,4
443,0
444,7
445,7
446,7
447,3
448,5
449,8
450,5
451,4
452,4
453,4
454,0
455,6
456,0
457,2
458,2
459,1
460,8
461,3
462,7
463,9
464,2
465,8
466,5
467,4
468,4
469,6
470,1
471,5
472,7
473,9
474,6
475,0
476,9
477,4
478,8
479,9
480,2
481,0
482,8
483,8
484,1
485,1
486,6
487,5
488,7
489,0
490,7
491,6
492,3
493,4
494,4
495,6
496,4
497,4
498,0
499,2
500,6
501,2
502,4
503,4
504,1
505,7
506,2
507,7
508,8
509,5
510,3
511,1
512,4
513,3
514,4
515,6
516,0
517,9
518,4
519,4
520,6
521,3
522,8
523,3
524,2
525,9
526,2
527,1
528,9
529,9
530,7
531,8
532,1
533,2
534,9
535,9
536,9
537,4
538,0
539,1
540,8
541,8
542,3
543,5
544,6
545,6
546,8
547,7
548,1
549,6
550,9
551,2
552,2
553,6
554,7
555,8
556,5
557,8
558,4
559,1
560,8
561,6
562,3
563,4
564,7
565,4
566,0
567,9
568,4
569,9
570,9
571,3
572,0
573,7
574,7
575,9
576,0
577,4
578,6
579,4
580,7
581,5
582,9
583,7
584,7
585,3
586,1
587,6
588,2
589,6
590,2
591,1
592,8
593,1
594,7
595,9
596,5
597,3
598,8
599,4
600,0
601,8
602,7
603,7
604,7
605,2
606,7
607,9
608,2
609,8
610,7
611,1
612,8
613,7
614,0
615,2
616,9
617,7
618,5
619,1
620,2
621,9
622,6
623,6
624,2
625,5
626,4
627,1
628,8
629,6
630,0
631,9
632,5
633,4
634,7
635,3
636,3
637,1
638,6
639,3
640,7
641,9
642,6
643,8
644,0
645,5
646,1
647,6
648,9
649,3
650,8
651,5
652,5
653,7
654,5
655,8
656,4
657,9
658,6
659,9
660,7
661,6
662,1
663,6
664,9
665,7
666,0
667,3
668,1
669,7
670,0
671,4
672,1
673,9
674,9
675,7
676,0
677,8
678,8
679,9
680,7
681,1
682,6
683,1
684,4
685,9
686,6
687,5
688,9
689,0
690,4
691,7
692,4
693,9
694,7
695,6
696,7
697,6
698,6
699,6
700,2
701,2
702,8
703,3
704,2
705,9
706,9
707,5
708,6
709,5
710,2
711,1
712,4
713,2
714,6
715,7
716,5
717,8
718,8
719,2
720,2
721,3
722,6
723,1
724,1
725,8
726,1
727,6
728,5
729,9
730,2
731,3
732,3
733,5
734,9
735,8
736,3
737,3
738,5
739,3
740,6
741,4
742,2
743,0
744,7
745,1
746,2
747,7
748,0
749,1
750,5
751,6
752,2
753,9
754,0
755,9
756,6
757,9
758,3
759,2
760,6
761,6
762,3
763,6
764,0
765,0
766,8
767,3
768,5
769,9
770,2
771,1
772,5
773,2
774,5
775,3
776,4
777,9
778,6
779,6
780,4
781,7
782,4
783,1
784,4
785,3
786,4
787,6
788,1
789,4
790,9
791,7
792,2
793,8
794,4
795,2
796,5
797,0
798,3
799,5
800,1
801,5
802,7
803,9
804,7
805,1
806,0
807,7
808,0
809,8
810,6
811,8
812,8
813,8
814,4
815,8
816,7
817,1
818,3
819,1
820,2
821,9
822,6
823,9
824,1
825,8
826,4
827,6
828,7
829,9
830,6
831,4
832,9
833,2
834,4
835,7
836,9
837,1
838,8
839,1
840,3
841,4
842,2
843,0
844,0
845,9
846,2
847,9
848,4
849,9
850,9
851,0
852,4
853,7
854,0
855,1
856,6
857,3
858,9
859,4
860,6
861,4
862,4
863,5
864,6
865,5
866,4
867,7
868,0
869,7
870,7
871,4
872,4
873,9
874,2
875,9
876,9
877,6
878,0
879,9
880,8
881,3
882,0
883,8
884,4
885,6
886,8
887,8
888,5
889,9
890,8
891,8
892,3
893,4
894,2
895,6
896,0
897,3
898,7
899,9
900,7
901,9
902,7
903,6
904,9
905,4
906,8
907,9
908,6
909,3
910,5
911,1
912,8
913,9
914,4
915,4
916,9
917,4
918,8
919,2
920,4
921,6
922,8
923,9
924,9
925,6
926,3
927,0
928,0
929,9
930,9
931,8
932,3
933,2
934,5
935,2
936,8
937,8
938,7
939,6
940,4
941,2
942,5
943,7
944,8
945,6
946,0
947,2
948,0
949,8
950,8
951,3
952,1
953,6
954,4
955,2
956,0
957,5
958,7
959,5
960,9
961,4
962,5
963,8
964,4
965,0
966,4
967,7
968,7
969,4
970,5
971,3
972,6
973,1
974,0
975,6
976,7
977,6
978,9
979,4
980,8
981,2
982,5
983,3
984,6
985,8
986,5
987,1
988,1
989,9
990,4
991,5
992,9
993,7
994,7
995,1
996,4
997,6
998,7
999,3
1000,6
1001,0
1002,5
1003,1
1004,1
1005,1
1006,2
1007,1
1008,4
1009,3
1010,3
1011,3
1012,9
1013,9
1014,6
1015,6
1016,5
1017,1
1018,2
1019,2
1020,0
1021,3
1022,6
1023,5
1024,1
1025,2
1026,0
1027,7
1028,2
1029,0
1030,3
1031,8
1032,6
1033,2
1034,0
1035,9
1036,3
1037,9
1038,5
1039,7
1040,9
1041,3
1042,4
1043,2
1044,5
1045,5
1046,8
1047,9
1048,5
1049,6
1050,5
1051,8
1052,8
1053,2
1054,2
1055,9
1056,6
1057,0
1058,9
1059,8
1060,2
1061,3
1062,4
1063,8
1064,3
1065,9
1066,2
1067,5
1068,7
1069,6
1070,1
1071,1
1072,9
1073,7
1074,3
1075,4
1076,8
1077,2
1078,0
1079,2
1080,2
1081,2
1082,2
1083,7
1084,8
1085,6
1086,1
1087,7
1088,7
1089,6
1090,7
1091,7
1092,4
1093,5
1094,3
1095,9
1096,3
1097,8
1098,5
1099,7
1100,6
1101,0
1102,0
1103,6
1104,9
1105,4
1106,0
1107,6
1108,0
1109,5
1110,4
1111,8
1112,1
1113,6
1114,6
1115,0
1116,8
1117,6
1118,4
1119,1
1120,6
1121,0
1122,2
1123,8
1124,8
1125,6
1126,3
1127,6
1128,2
1129,9
1130,5
1131,0
1132,7
1133,6
1134,5
1135,9
1136,2
1137,3
1138,7
1139,8
1140,0
1141,9
1142,8
1143,6
1144,3
1145,3
1146,0
1147,1
1148,8
1149,7
1150,1
1151,5
1152,8
1153,0
1154,6
1155,6
1156,8
1157,9
1158,1
1159,1
1160,5
1161,1
1162,6
1163,4
1164,2
1165,4
1166,0
1167,6
1168,2
1169,7
1170,2
1171,8
1172,2
1173,5
1174,7
1175,2
1176,2
1177,5
1178,6
1179,9
1180,6
1181,9
1182,0
1183,4
1184,0
1185,5
1186,9
1187,9
1188,8
1189,6
1190,3
1191,9
1192,2
1193,3
1194,2
1195,8
1196,4
1197,6
1198,3
1199,9
1200,9
1201,3
1202,9
1203,6
1204,6
1205,1
1206,8
1207,0
1208,2
1209,9
1210,4
1211,0
1212,5
1213,6
1214,4
1215,4
1216,3
1217,8
1218,2
1219,0
1220,5
1221,2
1222,2
1223,7
1224,1
1225,6
1226,4
1227,3
1228,8
1229,9
1230,7
1231,1
1232,0
1233,9
1234,8
1235,7
1236,0
1237,4
1238,6
1239,8
1240,2
1241,9
1242,3
1243,7
1244,9
1245,2
1246,3
1247,5
1248,3
1249,0
1250,3
1251,7
1252,1
1253,6
1254,3
1255,7
1256,4
1257,6
1258,7
1259,4
1260,2
1261,2
1262,0
1263,6
1264,9
1265,1
1266,8
1267,5
1268,7
1269,8
1270,3
1271,4
1272,1
1273,1
1274,3
1275,0
1276,7
1277,2
1278,7
1279,6
1280,4
1281,8
1282,9
1283,8
1284,3
1285,6
1286,1
1287,7
1288,9
1289,8
1290,8
1291,6
1292,2
1293,8
1294,0
1295,8
1296,1
1297,6
1298,6
1299,8
1300,0
1301,5
1302,6
1303,6
1304,8
1305,4
1306,3
1307,8
1308,4
1309,6
1310,7
1311,3
1312,4
1313,6
1314,8
1315,4
1316,4
1317,9
1318,0
1319,7
1320,9
1321,9
1322,7
1323,6
1324,5
1325,3
1326,2
1327,9
1328,8
1329,2
1330,5
1331,1
1332,3
1333,2
1334,5
1335,2
1336,9
1337,8
1338,6
1339,9
1340,0
1341,7
1342,5
1343,6
1344,6
1345,1
1346,7
1347,4
1348,4
1349,8
1350,9
1351,1
1352,2
1353,5
1354,1
1355,4
1356,7
1357,7
1358,7
1359,7
1360,9
1361,0
1362,2
1363,7
1364,9
1365,2
1366,0
1367,8
1368,7
1369,9
1370,9
1371,0
1372,5
1373,3
1374,4
1375,4
1376,2
1377,3
1378,2
1379,1
1380,2
1381,1
1382,1
1383,0
1384,6
1385,6
1386,8
1387,6
1388,1
1389,1
1390,7
1391,2
1392,2
1393,7
1394,2
1395,4
1396,6
1397,2
1398,3
1399,2
1400,1
1401,6
1402,9
1403,8
1404,3
1405,9
1406,2
1407,5
1408,0
1409,4
1410,2
1411,9
1412,8
1413,8
1414,4
1415,7
1416,7
1417,7
1418,3
1419,6
1420,8
1421,9
1422,1
1423,7
1424,7
1425,7
1426,8
1427,6
1428,0
1429,7
1430,9
1431,2
1432,7
1433,2
1434,4
1435,9
1436,1
1437,3
1438,1
1439,0
1440,6
1441,4
1442,6
1443,0
1444,8
1445,9
1446,9
1447,3
1448,7
1449,1
1450,2
1451,4
1452,2
1453,4
1454,1
1455,4
1456,9
1457,5
1458,1
1459,5
1460,7
1461,5
1462,2
1463,2
1464,0
1465,9
1466,5
1467,2
1468,2
1469,5
1470,2
1471,7
1472,4
1473,7
1474,0
1475,9
1476,5
1477,3
1478,2
1479,0
1480,5
1481,1
1482,2
1483,7
1484,5
1485,3
1486,1
1487,9
1488,8
1489,5
1490,4
1491,1
1492,4
1493,5
1494,7
1495,1
1496,1
1497,8
1498,8
1499,4
1500,1
1501,3
1502,5
1503,8
1504,5
1505,4
1506,4
1507,9
1508,8
1509,5
1510,2
1511,4
1512,6
1513,9
1514,9
1515,8
1516,8
1517,6
1518,0
1519,6
1520,0
1521,2
1522,0
1523,4
1524,9
1525,7
1526,3
1527,9
1528,1
1529,0
1530,8
1531,8
1532,3
1533,3
1534,5
1535,5
1536,3
1537,9
1538,9
1539,7
1540,2
1541,9
1542,5
1543,7
1544,7
1545,6
1546,8
1547,6
1548,9
1549,1
1550,4
1551,7
1552,6
1553,7
1554,0
1555,4
1556,0
1557,8
1558,1
1559,8
1560,5
1561,2
1562,2
1563,6
1564,7
1565,2
1566,1
1567,7
1568,0
1569,9
1570,5
1571,9
1572,3
1573,2
1574,0
1575,6
1576,1
1577,6
1578,8
1579,8
1580,7
1581,3
1582,7
1583,9
1584,3
1585,6
1586,7
1587,7
1588,5
1589,8
1590,5
1591,3
1592,1
1593,4
1594,5
1595,7
1596,6
1597,6
1598,3
1599,6
1600,1
1601,9
1602,0
1603,3
1604,7
1605,0
1606,3
1607,6
1608,0
1609,9
1610,9
1611,3
1612,3
1613,2
1614,2
1615,9
1616,7
1617,0
1618,1
1619,1
1620,8
1621,3
1622,2
1623,5
1624,6
1625,1
1626,1
1627,1
1628,9
1629,7
1630,7
1631,7
1632,4
1633,3
1634,3
1635,2
1636,3
1637,7
1638,5
1639,8
1640,1
1641,0
1642,5
1643,4
1644,8
1645,7
1646,4
1647,4
1648,8
1649,2
1650,5
1651,1
1652,9
1653,3
1654,6
1655,5
1656,1
1657,9
1658,4
1659,2
1660,2
1661,3
1662,9
1663,8
1664,3
1665,7
1666,6
1667,1
1668,2
1669,3
1670,3
1671,5
1672,1
1673,7
1674,1
1675,4
1676,2
1677,4
1678,9
1679,7
1680,2
1681,8
1682,1
1683,8
1684,8
1685,6
1686,8
1687,0
1688,8
1689,1
1690,2
1691,1
1692,4
1693,3
1694,2
1695,6
1696,6
1697,4
1698,5
1699,2
1700,6
1701,4
1702,8
1703,7
1704,1
1705,2
1706,9
1707,9
1708,0
1709,3
1710,0
1711,1
1712,0
1713,4
1714,3
1715,8
1716,0
1717,1
1718,4
1719,3
1720,6
1721,3
1722,0
1723,1
1724,6
1725,1
1726,1
1727,1
1728,6
1729,6
1730,3
1731,5
1732,3
1733,2
1734,0
1735,4
1736,0
1737,1
1738,9
1739,4
1740,8
1741,1
1742,0
1743,0
1744,1
1745,4
1746,3
1747,0
1748,8
1749,9
1750,6
1751,8
1752,6
1753,5
1754,1
1755,2
1756,0
1757,7
1758,4
1759,8
1760,2
1761,8
1762,5
1763,0
1764,6
1765,4
1766,0
1767,4
1768,4
1769,9
1770,3
1771,6
1772,6
1773,0
1774,7
1775,9
1776,8
1777,6
1778,7
1779,5
1780,5
1781,7
1782,8
1783,1
1784,6
1785,2
1786,1
1787,6
1788,2
1789,1
1790,5
1791,9
1792,8
1793,2
1794,3
1795,1
1796,9
1797,8
1798,5
1799,2
1800,1
1801,9
1802,1
1803,0
1804,9
1805,1
1806,3
1807,3
1808,4
1809,7
1810,7
1811,2
1812,7
1813,5
1814,3
1815,3
1816,0
1817,8
1818,5
1819,8
1820,8
1821,9
1822,3
1823,3
1824,0
1825,9
1826,6
1827,0
1828,6
1829,4
1830,9
1831,0
1832,9
1833,5
1834,8
1835,8
1836,8
1837,3
1838,2
1839,9
1840,5
1841,2
1842,7
1843,4
1844,7
1845,4
1846,3
1847,7
1848,9
1849,4
1850,1
1851,6
1852,0
1853,3
1854,7
1855,9
1856,4
1857,8
1858,1
1859,9
1860,2
1861,1
1862,5
1863,4
1864,9
1865,0
1866,2
1867,8
1868,3
1869,9
1870,8
1871,2
1872,0
1873,4
1874,1
1875,5
1876,6
1877,1
1878,0
1879,7
1880,4
1881,7
1882,1
1883,4
1884,8
1885,7
1886,0
1887,1
1888,4
1889,4
1890,7
1891,9
1892,5
1893,8
1894,6
1895,7
1896,9
1897,8
1898,8
1899,7
1900,6
1901,8
1902,1
1903,5
1904,4
1905,5
1906,6
1907,5
1908,3
1909,0
1910,9
1911,9
1912,6
1913,4
1914,0
1915,9
1916,6
1917,4
1918,8
1919,3
1920,9
1921,2
1922,8
1923,2
1924,9
1925,8
1926,7
1927,6
1928,2
1929,9
1930,0
1931,6
1932,7
1933,1
1934,5
1935,7
1936,5
1937,6
1938,5
1939,2
1940,0
1941,2
1942,5
1943,6
1944,2
1945,4
1946,8
1947,8
1948,0
1949,3
1950,1
1951,0
1952,7
1953,0
1954,8
1955,0
1956,1
1957,6
1958,8
1959,8
1960,5
1961,9
1962,6
1963,4
1964,4
1965,5
1966,4
1967,1
1968,1
1969,7
1970,4
1971,1
1972,1
1973,2
1974,8
1975,2
1976,6
1977,9
1978,5
1979,9
1980,1
1981,6
1982,1
1983,4
1984,4
1985,5
1986,0
1987,0
1988,9
1989,3
1990,6
1991,0
1992,1
1993,2
1994,9
1995,2
1996,1
1997,0
1998,8
1999,8
2000,2
2001,9
2002,7
2003,7
2004,1
2005,6
2006,7
2007,6
2008,2
2009,4
2010,1
2011,4
2012,1
2013,0
2014,6
2015,4
2016,6
2017,7
2018,7
2019,2
2020,2
2021,9
2022,3
2023,7
2024,0
2025,1
2026,4
2027,8
2028,3
2029,3
2030,9
2031,3
2032,9
2033,8
2034,9
2035,7
2036,3
2037,7
2038,0
2039,4
2040,7
2041,3
2042,6
2043,9
2044,1
2045,6
2046,9
2047,8
2048,8
2049,7
2050,5
2051,2
2052,7
2053,7
2054,1
2055,4
2056,3
2057,9
2058,0
2059,6
2060,4
2061,5
2062,1
2063,9
2064,9
2065,0
2066,1
2067,6
2068,6
2069,1
2070,4
2071,6
2072,6
2073,7
2074,8
2075,7
2076,8
2077,5
2078,9
2079,9
2080,9
2081,8
2082,5
2083,0
2084,1
2085,6
2086,7
2087,9
2088,8
2089,0
2090,3
2091,5
2092,5
2093,6
2094,8
2095,9
2096,0
2097,4
2098,4
2099,0
2100,8
2101,8
2102,6
2103,3
2104,5
2105,4
2106,4
2107,9
2108,5
2109,1
2110,3
2111,5
2112,6
2113,8
2114,0
2115,9
2116,1
2117,9
2118,2
2119,7
2120,9
2121,5
2122,5
2123,5
2124,9
2125,9
2126,0
2127,4
2128,3
2129,9
2130,9
2131,0
2132,7
2133,4
2134,2
2135,1
2136,6
2137,7
2138,7
2139,3
2140,0
2141,7
2142,8
2143,3
2144,4
2145,1
2146,9
2147,9
2148,7
2149,6
2150,1
2151,9
2152,0
2153,9
2154,6
2155,8
2156,9
2157,1
2158,0
2159,2
2160,6
2161,2
2162,8
2163,2
2164,2
2165,5
2166,7
2167,9
2168,7
2169,4
2170,8
2171,3
2172,6
2173,5
2174,4
2175,9
2176,5
2177,2
2178,1
2179,0
2180,6
2181,6
2182,7
2183,5
2184,5
2185,4
2186,0
2187,9
2188,6
2189,1
2190,6
2191,0
2192,0
2193,5
2194,9
2195,4
2196,2
2197,0
2198,1
2199,7
2200,0
2201,7
2202,0
2203,7
2204,6
2205,4
2206,4
2207,5
2208,5
2209,8
2210,8
2211,7
2212,4
2213,3
2214,3
2215,4
2216,9
2217,5
2218,9
2219,7
2220,3
2221,2
2222,8
2223,2
2224,2
2225,7
2226,5
2227,6
2228,4
2229,1
2230,7
2231,4
2232,2
2233,2
2234,9
2235,7
2236,7
2237,8
2238,3
2239,4
2240,5
2241,3
2242,2
2243,0
2244,1
2245,1
2246,1
2247,6
2248,8
2249,2
2250,0
2251,2
2252,6
2253,5
2254,7
2255,5
2256,1
2257,6
2258,3
2259,7
2260,0
2261,1
2262,2
2263,3
2264,8
2265,3
2266,2
2267,9
2268,1
2269,6
2270,1
2271,1
2272,1
2273,6
2274,4
2275,8
2276,5
2277,2
2278,6
2279,5
2280,9
2281,8
2282,8
2283,6
2284,8
2285,9
2286,2
2287,6
2288,5
2289,3
2290,1
2291,1
2292,6
2293,0
2294,3
2295,6
2296,3
2297,6
2298,2
2299,3
2300,5
2301,3
2302,4
2303,4
2304,4
2305,2
2306,3
2307,2
2308,9
2309,6
2310,5
2311,6
2312,3
2313,5
2314,6
2315,2
2316,0
2317,2
2318,1
2319,2
2320,0
2321,1
2322,4
2323,4
2324,2
2325,1
2326,9
2327,8
2328,1
2329,2
2330,5
2331,7
2332,6
2333,4
2334,0
2335,8
2336,6
2337,3
2338,4
2339,7
2340,6
2341,6
2342,0
2343,9
2344,4
2345,0
2346,8
2347,6
2348,0
2349,8
2350,0
2351,9
2352,8
2353,0
2354,3
2355,5
2356,9
2357,1
2358,0
2359,5
2360,7
2361,5
2362,9
2363,1
2364,4
2365,2
2366,2
2367,0
2368,3
2369,0
2370,7
2371,2
2372,2
2373,3
2374,2
2375,9
2376,8
2377,5
2378,8
2379,9
2380,2
2381,7
2382,2
2383,2
2384,2
2385,3
2386,7
2387,7
2388,4
2389,5
2390,6
2391,7
2392,3
2393,6
2394,5
2395,7
2396,0
2397,8
2398,8
2399,6
2400,9
2401,7
2402,4
2403,9
2404,3
2405,5
2406,3
2407,8
2408,7
2409,5
2410,3
2411,8
2412,0
2413,6
2414,2
2415,6
2416,8
2417,3
2418,7
2419,1
2420,2
2421,9
2422,4
2423,0
2424,2
2425,6
2426,8
2427,1
2428,1
2429,7
2430,4
2431,9
2432,9
2433,7
2434,0
2435,2
2436,5
2437,0
2438,6
2439,6
2440,6
2441,8
2442,1
2443,9
2444,6
2445,5
2446,1
2447,6
2448,6
2449,7
2450,2
2451,1
2452,0
2453,8
2454,2
2455,4
2456,3
2457,5
2458,8
2459,1
2460,0
2461,5
2462,3
2463,2
2464,8
2465,6
2466,9
2467,2
2468,5
2469,6
2470,3
2471,5
2472,2
2473,3
2474,4
2475,1
2476,3
2477,0
2478,4
2479,8
2480,6
2481,6
2482,3
2483,2
2484,5
2485,0
2486,5
2487,8
2488,6
2489,1
2490,0
2491,5
2492,3
2493,8
2494,1
2495,0
2496,2
2497,1
2498,9
2499,6
2500,6
2501,8
2502,1
2503,0
2504,5
2505,5
2506,6
2507,8
2508,0
2509,1
2510,0
2511,2
2512,8
2513,9
2514,1
2515,6
2516,1
2517,3
2518,4
2519,0
2520,5
2521,3
2522,6
2523,5
2524,5
2525,2
2526,1
2527,6
2528,9
2529,9
2530,5
2531,8
2532,7
2533,2
2534,5
2535,3
2536,7
2537,8
2538,1
2539,4
2540,1
2541,0
2542,5
2543,8
2544,9
2545,0
2546,1
2547,4
2548,5
2549,7
2550,4
2551,7
2552,6
2553,8
2554,9
2555,9
2556,0
2557,4
2558,0
2559,0
2560,6
2561,9
2562,8
2563,8
2564,9
2565,8
2566,3
2567,7
2568,1
2569,0
2570,8
2571,2
2572,1
2573,5
2574,5
2575,9
2576,0
2577,6
2578,9
2579,2
2580,9
2581,8
2582,4
2583,8
2584,9
2585,8
2586,4
2587,3
2588,5
2589,5
2590,5
2591,6
2592,8
2593,1
2594,2
2595,5
2596,4
2597,6
2598,3
2599,4
2600,2
2601,1
2602,3
2603,6
2604,6
2605,3
2606,0
2607,7
2608,5
2609,2
2610,7
2611,6
2612,2
2613,1
2614,4
2615,4
2616,1
2617,1
2618,7
2619,2
2620,1
2621,3
2622,9
2623,8
2624,6
2625,0
2626,5
2627,0
2628,4
2629,7
2630,5
2631,3
2632,4
2633,8
2634,4
2635,4
2636,2
2637,1
2638,0
2639,9
2640,4
2641,0
2642,3
2643,0
2644,0
2645,5
2646,3
2647,9
2648,6
2649,7
2650,7
2651,0
2652,2
2653,0
2654,0
2655,8
2656,8
2657,9
2658,5
2659,9
2660,5
2661,1
2662,4
2663,3
2664,5
2665,8
2666,1
2667,1
2668,0
2669,4
2670,8
2671,4
2672,5
2673,6
2674,8
2675,0
2676,4
2677,3
2678,0
2679,7
2680,5
2681,2
2682,1
2683,2
2684,7
2685,8
2686,5
2687,4
2688,2
2689,1
2690,8
2691,7
2692,6
2693,1
2694,7
2695,4
2696,7
2697,7
2698,2
2699,8
2700,6
2701,8
2702,2
2703,4
2704,7
2705,5
2706,5
2707,6
2708,3
2709,3
2710,0
2711,1
2712,3
2713,4
2714,1
2715,9
2716,9
2717,0
2718,3
2719,9
2720,7
2721,6
2722,9
2723,8
2724,1
2725,9
2726,2
2727,8
2728,2
2729,2
2730,3
2731,9
2732,0
2733,6
2734,7
2735,3
2736,6
2737,6
2738,8
2739,4
2740,3
2741,1
2742,8
2743,8
2744,6
2745,7
2746,6
2747,3
2748,5
2749,2
2750,8
2751,1
2752,3
2753,9
2754,6
2755,2
2756,0
2757,0
2758,9
2759,1
2760,5
2761,3
2762,5
2763,2
2764,9
2765,8
2766,3
2767,8
2768,8
2769,1
2770,9
2771,9
2772,6
2773,7
2774,5
2775,3
2776,5
2777,2
2778,4
2779,4
2780,1
2781,4
2782,1
2783,8
2784,0
2785,9
2786,3
2787,9
2788,3
2789,4
2790,6
2791,2
2792,6
2793,5
2794,1
2795,9
2796,2
2797,5
2798,1
2799,6
2800,4
2801,7
2802,9
2803,8
2804,2
2805,8
2806,0
2807,0
2808,4
2809,5
2810,9
2811,8
2812,2
2813,6
2814,7
2815,7
2816,0
2817,6
2818,5
2819,5
2820,9
2821,6
2822,5
2823,1
2824,5
2825,1
2826,6
2827,5
2828,3
2829,0
2830,7
2831,3
2832,6
2833,5
2834,8
2835,8
2836,3
2837,8
2838,7
2839,8
2840,8
2841,2
2842,0
2843,0
2844,3
2845,0
2846,1
2847,7
2848,5
2849,0
2850,9
2851,5
2852,6
2853,3
2854,5
2855,8
2856,0
2857,7
2858,8
2859,8
2860,0
2861,7
2862,6
2863,4
2864,0
2865,9
2866,2
2867,3
2868,6
2869,5
2870,8
2871,9
2872,9
2873,5
2874,9
2875,0
2876,2
2877,9
2878,9
2879,0
2880,3
2881,0
2882,9
2883,4
2884,2
2885,9
2886,4
2887,5
2888,7
2889,0
2890,9
2891,2
2892,5
2893,9
2894,0
2895,8
2896,4
2897,6
2898,5
2899,7
2900,5
2901,4
2902,7
2903,5
2904,3
2905,0
2906,4
2907,6
2908,4
2909,2
2910,8
2911,4
2912,9
2913,7
2914,3
2915,1
2916,5
2917,6
2918,1
2919,8
2920,3
2921,3
2922,7
2923,5
2924,0
2925,6
2926,0
2927,0
2928,6
2929,5
2930,3
2931,7
2932,2
2933,9
2934,2
2935,2
2936,6
2937,2
2938,1
2939,0
2940,6
2941,1
2942,1
2943,4
2944,8
2945,1
2946,6
2947,9
2948,9
2949,8
2950,4
2951,9
2952,4
2953,1
2954,7
2955,8
2956,7
2957,8
2958,6
2959,0
2960,6
2961,3
2962,6
2963,2
2964,0
2965,3
2966,0
2967,3
2968,3
2969,3
2970,7
2971,4
2972,8
2973,9
2974,8
2975,2
2976,9
2977,2
2978,2
2979,5
2980,1
2981,4
2982,7
2983,4
2984,4
2985,3
2986,6
2987,4
2988,3
2989,4
2990,9
2991,5
2992,7
2993,2
2994,7
2995,9
2996,6
2997,2
2998,1
2999,3
3000,3
3001,7
3002,2
3003,6
3004,7
3005,2
3006,9
3007,8
3008,6
3009,6
3010,8
3011,6
3012,5
3013,9
3014,7
3015,4
3016,7
3017,0
3018,3
3019,2
3020,9
3021,5
3022,6
3023,8
3024,3
3025,0
3026,5
3027,8
3028,5
3029,6
3030,7
3031,1
3032,1
3033,4
3034,1
3035,4
3036,2
3037,4
3038,6
3039,3
3040,0
3041,7
3042,0
3043,0
3044,8
3045,2
3046,2
3047,9
3048,1
3049,1
3050,6
3051,8
3052,0
3053,5
3054,7
3055,1
3056,6
3057,7
3058,6
3059,7
3060,4
3061,0
3062,8
3063,2
3064,0
3065,2
3066,4
3067,8
3068,2
3069,8
3070,2
3071,0
3072,4
3073,3
3074,9
3075,1
3076,5
3077,0
3078,7
3079,7
3080,2
3081,0
3082,2
3083,1
3084,0
3085,1
3086,7
3087,4
3088,3
3089,6
3090,2
3091,2
3092,0
3093,2
3094,7
3095,5
3096,3
3097,3
3098,3
3099,3
3100,5
3101,8
3102,3
3103,5
3104,2
3105,9
3106,8
3107,8
3108,9
3109,9
3110,9
3111,9
3112,0
3113,5
3114,3
3115,4
3116,7
3117,5
3118,5
3119,3
3120,4
3121,5
3122,6
3123,1
3124,2
3125,2
3126,8
3127,5
3128,1
3129,1
3130,6
3131,4
3132,4
3133,1
3134,3
3135,2
3136,3
3137,8
3138,5
3139,4
3140,8
3141,5
3142,5
3143,4
3144,9
3145,0
3146,8
3147,9
3148,0
3149,1
3150,4
3151,9
3152,2
3153,9
3154,8
3155,9
3156,5
3157,7
3158,4
3159,3
3160,3
3161,5
3162,4
3163,3
3164,7
3165,3
3166,8
3167,9
3168,9
3169,8
3170,8
3171,0
3172,5
3173,5
3174,2
3175,0
3176,3
3177,7
3178,4
3179,1
3180,4
3181,4
3182,2
3183,1
3184,5
3185,3
3186,6
3187,9
3188,9
3189,4
3190,0
3191,7
3192,2
3193,7
3194,2
3195,4
3196,7
3197,5
3198,9
3199,5
3200,1
3201,3
3202,2
3203,0
3204,1
3205,5
3206,8
3207,9
3208,9
3209,2
3210,2
3211,0
3212,9
3213,2
3214,9
3215,5
3216,3
3217,7
3218,9
3219,4
3220,7
3221,1
3222,6
3223,0
3224,4
3225,6
3226,7
3227,8
3228,5
3229,1
3230,0
3231,3
3232,3
3233,0
3234,6
3235,9
3236,2
3237,5
3238,5
3239,5
3240,9
3241,6
3242,8
3243,5
3244,6
3245,3
3246,8
3247,8
3248,1
3249,9
3250,2
3251,9
3252,9
3253,7
3254,7
3255,5
3256,3
3257,8
3258,5
3259,7
3260,5
3261,5
3262,2
3263,7
3264,8
3265,4
3266,9
3267,0
3268,0
3269,6
3270,5
3271,4
3272,8
3273,5
3274,4
3275,0
3276,8
3277,9
3278,2
3279,8
3280,9
3281,9
3282,9
3283,2
3284,2
3285,2
3286,7
3287,8
3288,0
3289,6
3290,7
3291,6
3292,7
3293,1
3294,4
3295,3
3296,8
3297,0
3298,3
3299,9
3300,3
3301,0
3302,3
3303,0
3304,1
3305,1
3306,1
3307,0
3308,7
3309,2
3310,8
3311,2
3312,4
3313,0
3314,4
3315,4
3316,9
3317,0
3318,4
3319,9
3320,4
3321,7
3322,5
3323,5
3324,9
3325,1
3326,8
3327,4
3328,0
3329,3
3330,0
3331,0
3332,7
3333,8
3334,7
3335,4
3336,6
3337,2
3338,2
3339,1
3340,2
3341,5
3342,9
3343,5
3344,9
3345,7
3346,7
3347,1
3348,6
3349,6
3350,3
3351,2
3352,1
3353,5
3354,2
3355,5
3356,2
3357,1
3358,2
3359,5
3360,1
3361,5
3362,8
3363,2
3364,0
3365,6
3366,8
3367,1
3368,5
3369,9
3370,2
3371,9
3372,5
3373,2
3374,0
3375,4
3376,9
3377,1
3378,9
3379,4
3380,6
3381,4
3382,0
3383,2
3384,9
3385,1
3386,5
3387,6
3388,0
3389,7
3390,0
3391,1
3392,1
3393,9
3394,8
3395,5
3396,0
3397,5
3398,8
3399,5
3400,3
3401,7
3402,9
3403,6
3404,6
3405,5
3406,8
3407,9
3408,7
3409,4
3410,3
3411,6
3412,2
3413,9
3414,6
3415,9
3416,0
3417,3
3418,6
3419,9
3420,0
3421,5
3422,6
3423,8
3424,8
3425,5
3426,1
3427,0
3428,0
3429,9
3430,7
3431,7
3432,7
3433,6
3434,3
3435,1
3436,6
3437,3
3438,5
3439,4
3440,4
3441,5
3442,5
3443,2
3444,7
3445,8
3446,4
3447,2
3448,3
3449,6
3450,7
3451,3
3452,1
3453,4
3454,5
3455,3
3456,9
3457,6
3458,2
3459,7
3460,8
3461,0
3462,5
3463,8
3464,4
3465,7
3466,4
3467,9
3468,3
3469,6
3470,2
3471,0
3472,4
3473,5
3474,6
3475,0
3476,4
3477,4
3478,5
3479,9
3480,7
3481,9
3482,5
3483,2
3484,4
3485,8
3486,2
3487,5
3488,7
3489,4
3490,4
3491,0
3492,8
3493,1
3494,5
3495,8
3496,1
3497,8
3498,0
3499,2
3500,9
3501,3
3502,3
3503,3
3504,7
3505,0
3506,7
3507,7
3508,1
3509,0
3510,9
3511,5
3512,1
3513,2
3514,7
3515,7
3516,3
3517,6
3518,1
3519,3
3520,7
3521,6
3522,3
3523,0
3524,4
3525,0
3526,8
3527,9
3528,7
3529,1
3530,1
3531,2
3532,6
3533,7
3534,0
3535,0
3536,9
3537,8
3538,5
3539,3
3540,1
3541,1
3542,0
3543,8
3544,5
3545,1
3546,0
3547,2
3548,6
3549,7
3550,2
3551,5
3552,8
3553,6
3554,5
3555,6
3556,1
3557,7
3558,3
3559,8
3560,3
3561,9
3562,1
3563,4
3564,0
3565,9
3566,7
3567,8
3568,4
3569,8
3570,6
3571,6
3572,8
3573,7
3574,1
3575,3
3576,0
3577,8
3578,8
3579,8
3580,2
3581,8
3582,1
3583,2
3584,5
3585,6
3586,5
3587,5
3588,6
3589,2
3590,7
3591,3
3592,6
3593,5
3594,9
3595,5
3596,9
3597,6
3598,0
3599,5
3600,0
3601,9
3602,2
3603,1
3604,1
3605,5
3606,8
3607,4
3608,3
3609,8
3610,7
3611,9
3612,7
3613,7
3614,8
3615,3
3616,4
3617,0
3618,3
3619,5
3620,6
3621,0
3622,5
3623,0
3624,3
3625,4
3626,2
3627,5
3628,1
3629,2
3630,2
3631,4
3632,4
3633,2
3634,5
3635,8
3636,4
3637,7
3638,0
3639,7
3640,5
3641,5
3642,6
3643,1
3644,9
3645,2
3646,0
3647,3
3648,1
3649,2
3650,2
3651,5
3652,0
3653,2
3654,2
3655,1
3656,6
3657,8
3658,2
3659,2
3660,0
3661,8
3662,0
3663,6
3664,7
3665,5
3666,7
3667,3
3668,5
3669,1
3670,0
3671,4
3672,4
3673,2
3674,4
3675,2
3676,7
3677,1
3678,7
3679,4
3680,4
3681,4
3682,0
3683,9
3684,8
3685,3
3686,8
3687,3
3688,4
3689,9
3690,1
3691,5
3692,9
3693,3
3694,2
3695,9
3696,5
3697,2
3698,8
3699,4
3700,5
3701,1
3702,3
3703,9
3704,8
3705,2
3706,8
3707,1
3708,2
3709,6
3710,9
3711,6
3712,7
3713,0
3714,5
3715,5
3716,9
3717,5
3718,7
3719,9
3720,1
3721,5
3722,9
3723,4
3724,1
3725,8
3726,2
3727,4
3728,9
3729,4
3730,2
3731,7
3732,9
3733,2
3734,4
3735,9
3736,0
3737,6
3738,1
3739,9
3740,4
3741,5
3742,1
3743,8
3744,7
3745,3
3746,2
3747,6
3748,2
3749,4
3750,4
3751,9
3752,4
3753,2
3754,2
3755,2
3756,3
3757,1
3758,5
3759,7
3760,1
3761,7
3762,9
3763,4
3764,6
3765,1
3766,5
3767,1
3768,4
3769,2
3770,2
3771,7
3772,5
3773,5
3774,6
3775,9
3776,4
3777,4
3778,8
3779,2
3780,8
3781,7
3782,9
3783,0
3784,2
3785,5
3786,1
3787,9
3788,1
3789,4
3790,6
3791,9
3792,2
3793,5
3794,5
3795,3
3796,5
3797,1
3798,5
3799,0
3800,0
3801,9
3802,9
3803,5
3804,6
3805,8
3806,1
3807,1
3808,9
3809,6
3810,5
3811,6
3812,3
3813,2
3814,2
3815,5
3816,9
3817,7
3818,6
3819,3
3820,7
3821,4
3822,2
3823,8
3824,0
3825,8
3826,1
3827,2
3828,8
3829,0
3830,8
3831,6
3832,9
3833,1
3834,2
3835,5
3836,3
3837,5
3838,3
3839,0
3840,0
3841,8
3842,3
3843,7
3844,7
3845,9
3846,5
3847,4
3848,0
3849,6
3850,7
3851,7
3852,8
3853,6
3854,9
3855,7
3856,5
3857,2
3858,6
3859,5
3860,2
3861,4
3862,0
3863,9
3864,0
3865,0
3866,7
3867,0
3868,1
3869,9
3870,8
3871,8
3872,4
3873,8
3874,3
3875,5
3876,1
3877,0
3878,7
3879,9
3880,7
3881,2
3882,9
3883,2
3884,7
3885,4
3886,8
3887,1
3888,3
3889,0
3890,6
3891,9
3892,9
3893,2
3894,5
3895,2
3896,6
3897,2
3898,6
3899,2
3900,8
3901,6
3902,6
3903,3
3904,5
3905,4
3906,2
3907,8
3908,7
3909,7
3910,3
3911,7
3912,0
3913,5
3914,0
3915,8
3916,2
3917,6
3918,0
3919,0
3920,4
3921,6
3922,6
3923,8
3924,9
3925,1
3926,3
3927,2
3928,0
3929,3
3930,1
3931,2
3932,3
3933,9
3934,0
3935,6
3936,8
3937,4
3938,1
3939,8
3940,4
3941,0
3942,7
3943,7
3944,7
3945,0
3946,2
3947,4
3948,5
3949,6
3950,6
3951,8
3952,4
3953,3
3954,3
3955,8
3956,0
3957,0
3958,0
3959,8
3960,3
3961,2
3962,2
3963,9
3964,2
3965,7
3966,0
3967,5
3968,9
3969,9
3970,9
3971,2
3972,1
3973,6
3974,9
3975,9
3976,8
3977,8
3978,5
3979,5
3980,2
3981,0
3982,8
3983,4
3984,1
3985,9
3986,4
3987,9
3988,7
3989,1
3990,6
3991,0
3992,3
3993,1
3994,9
3995,5
3996,5
3997,8
3998,1
3999,5
4000,7
4001,3
4002,6
4003,1
4004,0
4005,0
4006,1
4007,1
4008,2
4009,9
4010,2
4011,0
4012,9
4013,3
4014,2
4015,7
4016,0
4017,8
4018,2
4019,0
4020,4
4021,0
4022,4
4023,3
4024,0
4025,1
4026,0
4027,8
4028,6
4029,3
4030,5
4031,8
4032,0
4033,2
4034,1
4035,0
4036,7
4037,1
4038,0
4039,5
4040,3
4041,5
4042,9
4043,0
4044,2
4045,3
4046,9
4047,0
4048,0
4049,7
4050,4
4051,4
4052,4
4053,6
4054,0
4055,3
4056,6
4057,1
4058,9
4059,6
4060,7
4061,1
4062,3
4063,2
4064,2
4065,0
4066,8
4067,3
4068,5
4069,4
4070,9
4071,7
4072,5
4073,6
4074,1
4075,6
4076,4
4077,8
4078,1
4079,6
4080,3
4081,4
4082,7
4083,6
4084,4
4085,9
4086,6
4087,1
4088,5
4089,0
4090,3
4091,1
4092,9
4093,7
4094,3
4095,6
4096,1
4097,1
4098,6
4099,3
4100,6
4101,8
4102,2
4103,4
4104,2
4105,4
4106,4
4107,3
4108,3
4109,7
4110,3
4111,1
4112,3
4113,8
4114,3
4115,4
4116,5
4117,9
4118,7
4119,6
4120,9
4121,9
4122,2
4123,5
4124,5
4125,9
4126,6
4127,1
4128,4
4129,0
4130,4
4131,1
4132,5
4133,7
4134,8
4135,9
4136,8
4137,1
4138,7
4139,9
4140,4
4141,8
4142,0
4143,4
4144,4
4145,8
4146,7
4147,1
4148,5
4149,9
4150,9
4151,3
4152,5
4153,3
4154,7
4155,1
4156,0
4157,6
4158,5
4159,2
4160,3
4161,8
4162,1
4163,0
4164,6
4165,0
4166,4
4167,3
4168,6
4169,8
4170,0
4171,1
4172,2
4173,6
4174,0
4175,9
4176,2
4177,6
4178,9
4179,1
4180,6
4181,6
4182,2
4183,7
4184,0
4185,4
4186,9
4187,9
4188,4
4189,9
4190,8
4191,8
4192,8
4193,9
4194,1
4195,0
4196,8
4197,4
4198,0
4199,8
4200,9
4201,9
4202,3
4203,3
4204,6
4205,9
4206,6
4207,1
4208,3
4209,7
4210,7
4211,2
4212,5
4213,0
4214,3
4215,6
4216,0
4217,4
4218,8
4219,8
4220,0
4221,9
4222,4
4223,1
4224,0
4225,9
4226,1
4227,2
4228,3
4229,5
4230,8
4231,0
4232,6
4233,9
4234,6
4235,6
4236,0
4237,4
4238,4
4239,2
4240,7
4241,7
4242,2
4243,7
4244,6
4245,7
4246,1
4247,2
4248,9
4249,0
4250,4
4251,4
4252,2
4253,9
4254,7
4255,8
4256,4
4257,7
4258,7
4259,4
4260,8
4261,9
4262,5
4263,6
4264,8
4265,5
4266,7
4267,8
4268,8
4269,8
4270,4
4271,8
4272,9
4273,0
4274,2
4275,0
4276,5
4277,5
4278,3
4279,8
4280,4
4281,7
4282,1
4283,0
4284,2
4285,0
4286,7
4287,4
4288,1
4289,9
4290,5
4291,0
4292,9
4293,1
4294,9
4295,7
4296,7
4297,4
4298,6
4299,8
4300,0
4301,4
4302,8
4303,8
4304,8
4305,2
4306,1
4307,8
4308,6
4309,8
4310,6
4311,2
4312,9
4313,6
4314,5
4315,5
4316,2
4317,4
4318,1
4319,0
4320,4
4321,4
4322,3
4323,1
4324,2
4325,6
4326,6
4327,1
4328,6
4329,6
4330,7
4331,8
4332,3
4333,5
4334,6
4335,6
4336,4
4337,0
4338,0
4339,2
4340,4
4341,2
4342,4
4343,5
4344,5
4345,7
4346,2
4347,0
4348,2
4349,2
4350,8
4351,7
4352,2
4353,8
4354,9
4355,7
4356,4
4357,5
4358,4
4359,5
4360,5
4361,6
4362,2
4363,4
4364,4
4365,2
4366,8
4367,9
4368,1
4369,5
4370,5
4371,7
4372,1
4373,4
4374,2
4375,8
4376,1
4377,4
4378,9
4379,4
4380,5
4381,1
4382,0
4383,8
4384,0
4385,4
4386,4
4387,0
4388,4
4389,6
4390,2
4391,6
4392,7
4393,5
4394,1
4395,9
4396,8
4397,1
4398,4
4399,5
4400,1
4401,4
4402,0
4403,1
4404,1
4405,8
4406,6
4407,4
4408,2
4409,1
4410,2
4411,1
4412,6
4413,9
4414,9
4415,0
4416,7
4417,2
4418,3
4419,2
4420,6
4421,6
4422,9
4423,0
4424,2
4425,8
4426,3
4427,6
4428,7
4429,1
4430,9
4431,6
4432,9
4433,5
4434,0
4435,3
4436,7
4437,9
4438,2
4439,6
4440,1
4441,8
4442,1
4443,3
4444,1
4445,5
4446,4
4447,1
4448,5
4449,2
4450,0
4451,2
4452,4
4453,6
4454,4
4455,2
4456,2
4457,5
4458,2
4459,9
4460,9
4461,8
4462,6
4463,9
4464,5
4465,3
4466,9
4467,4
4468,6
4469,0
4470,1
4471,7
4472,3
4473,1
4474,4
4475,1
4476,2
4477,0
4478,9
4479,6
4480,2
4481,3
4482,9
4483,7
4484,8
4485,7
4486,8
4487,6
4488,3
4489,3
4490,3
4491,2
4492,5
4493,3
4494,2
4495,2
4496,0
4497,3
4498,5
4499,0
4500,4
4501,4
4502,1
4503,7
4504,6
4505,2
4506,8
4507,1
4508,6
4509,4
4510,4
4511,6
4512,1
4513,7
4514,7
4515,7
4516,1
4517,5
4518,7
4519,0
4520,7
4521,4
4522,3
4523,6
4524,3
4525,1
4526,1
4527,4
4528,8
4529,3
4530,8
4531,1
4532,8
4533,8
4534,8
4535,1
4536,8
4537,8
4538,3
4539,4
4540,6
4541,5
4542,9
4543,8
4544,1
4545,7
4546,5
4547,2
4548,3
4549,6
4550,8
4551,4
4552,1
4553,8
4554,6
4555,1
4556,7
4557,7
4558,5
4559,7
4560,1
4561,7
4562,7
4563,4
4564,6
4565,0
4566,9
4567,0
4568,7
4569,3
4570,2
4571,8
4572,4
4573,9
4574,2
4575,0
4576,0
4577,9
4578,3
4579,5
4580,0
4581,9
4582,3
4583,4
4584,3
4585,2
4586,8
4587,2
4588,8
4589,4
4590,3
4591,9
4592,7
4593,4
4594,7
4595,2
4596,5
4597,5
4598,5
4599,3
4600,2
4601,7
4602,5
4603,8
4604,5
4605,1
4606,5
4607,9
4608,6
4609,5
4610,1
4611,5
4612,3
4613,5
4614,7
4615,5
4616,5
4617,5
4618,5
4619,0
4620,6
4621,4
4622,2
4623,9
4624,8
4625,5
4626,2
4627,4
4628,8
4629,6
4630,4
4631,1
4632,1
4633,4
4634,5
4635,4
4636,1
4637,4
4638,7
4639,7
4640,1
4641,3
4642,1
4643,5
4644,4
4645,0
4646,8
4647,6
4648,2
4649,6
4650,2
4651,7
4652,6
4653,9
4654,1
4655,2
4656,4
4657,4
4658,0
4659,1
4660,8
4661,1
4662,2
4663,4
4664,1
4665,7
4666,9
4667,9
4668,4
4669,2
4670,1
4671,7
4672,7
4673,1
4674,2
4675,2
4676,1
4677,9
4678,5
4679,8
4680,3
4681,3
4682,4
4683,2
4684,5
4685,2
4686,6
4687,8
4688,7
4689,8
4690,1
4691,6
4692,5
4693,4
4694,9
4695,1
4696,8
4697,5
4698,7
4699,8
4700,5
4701,1
4702,8
4703,1
4704,8
4705,9
4706,9
4707,3
4708,6
4709,2
4710,3
4711,0
4712,8
4713,0
4714,5
4715,3
4716,6
4717,4
4718,1
4719,0
4720,4
4721,9
4722,9
4723,9
4724,0
4725,0
4726,2
4727,0
4728,6
4729,6
4730,5
4731,3
4732,1
4733,6
4734,0
4735,9
4736,1
4737,4
4738,6
4739,9
4740,6
4741,4
4742,7
4743,2
4744,9
4745,2
4746,1
4747,9
4748,5
4749,9
4750,0
4751,9
4752,0
4753,0
4754,8
4755,4
4756,2
4757,0
4758,9
4759,5
4760,9
4761,0
4762,5
4763,6
4764,4
4765,6
4766,7
4767,7
4768,0
4769,5
4770,1
4771,1
4772,2
4773,7
4774,6
4775,9
4776,3
4777,2
4778,2
4779,2
4780,0
4781,3
4782,4
4783,0
4784,0
4785,4
4786,3
4787,1
4788,6
4789,0
4790,2
4791,9
4792,2
4793,0
4794,2
4795,8
4796,2
4797,7
4798,2
4799,8
4800,5
4801,8
4802,6
4803,9
4804,1
4805,5
4806,6
4807,7
4808,8
4809,3
4810,0
4811,1
4812,0
4813,1
4814,5
4815,4
4816,2
4817,1
4818,0
4819,2
4820,7
4821,7
4822,7
4823,0
4824,4
4825,7
4826,2
4827,9
4828,0
4829,9
4830,1
4831,1
4832,6
4833,7
4834,8
4835,5
4836,0
4837,0
4838,6
4839,5
4840,7
4841,9
4842,8
4843,5
4844,7
4845,0
4846,7
4847,3
4848,7
4849,1
4850,4
4851,8
4852,0
4853,9
4854,0
4855,1
4856,0
4857,5
4858,0
4859,1
4860,3
4861,5
4862,7
4863,3
4864,1
4865,2
4866,6
4867,4
4868,5
4869,5
4870,5
4871,3
4872,2
4873,0
4874,2
4875,7
4876,9
4877,8
4878,2
4879,1
4880,2
4881,2
4882,5
4883,6
4884,4
4885,7
4886,5
4887,1
4888,9
4889,7
4890,6
4891,4
4892,8
4893,7
4894,1
4895,5
4896,6
4897,3
4898,9
4899,0
4900,1
4901,8
4902,7
4903,8
4904,2
4905,2
4906,0
4907,7
4908,3
4909,8
4910,8
4911,7
4912,6
4913,8
4914,1
4915,9
4916,4
4917,9
4918,2
4919,3
4920,6
4921,2
4922,6
4923,0
4924,6
4925,0
4926,4
4927,8
4928,4
4929,5
4930,0
4931,2
4932,2
4933,7
4934,2
4935,4
4936,0
4937,8
4938,3
4939,1
4940,4
4941,8
4942,0
4943,9
4944,8
4945,0
4946,5
4947,3
4948,2
4949,1
4950,0
4951,9
4952,3
4953,2
4954,9
4955,2
4956,0
4957,1
4958,3
4959,4
4960,4
4961,4
4962,9
4963,2
4964,1
4965,8
4966,4
4967,4
4968,2
4969,6
4970,4
4971,3
4972,3
4973,2
4974,8
4975,1
4976,0
4977,5
4978,4
4979,0
4980,8
4981,7
4982,0
4983,2
4984,3
4985,6
4986,4
4987,4
4988,8
4989,8
4990,0
4991,0
4992,6
4993,5
4994,7
4995,9
4996,2
4997,6
4998,0
4999,7
5000,5
5001,2
5002,1
5003,0
5004,6
5005,3
5006,2
5007,3
5008,2
5009,4
5010,3
5011,2
5012,1
5013,1
5014,6
5015,6
5016,1
5017,8
5018,4
5019,8
5020,9
5021,7
5022,0
5023,7
5024,7
5025,7
5026,2
5027,3
5028,0
5029,2
5030,7
5031,8
5032,9
5033,4
5034,3
5035,5
5036,9
5037,0
5038,7
5039,7
5040,6
5041,9
5042,8
5043,6
5044,7
5045,6
5046,6
5047,3
5048,1
5049,4
5050,3
5051,6
5052,1
5053,6
5054,9
5055,1
5056,8
5057,4
5058,3
5059,0
5060,4
5061,9
5062,3
5063,9
5064,0
5065,1
5066,3
5067,7
5068,2
5069,8
5070,9
5071,8
5072,9
5073,7
5074,6
5075,8
5076,5
5077,0
5078,8
5079,0
5080,8
5081,5
5082,5
5083,4
5084,3
5085,6
5086,0
5087,6
5088,3
5089,5
5090,0
5091,2
5092,1
5093,0
5094,1
5095,9
5096,5
5097,2
5098,3
5099,4
5100,0
5101,7
5102,6
5103,1
5104,5
5105,0
5106,1
5107,1
5108,9
5109,9
5110,7
5111,9
5112,3
5113,4
5114,2
5115,7
5116,6
5117,5
5118,1
5119,0
5120,5
5121,7
5122,4
5123,5
5124,6
5125,6
5126,9
5127,8
5128,0
5129,8
5130,8
5131,5
5132,6
5133,1
5134,8
5135,1
5136,5
5137,3
5138,3
5139,4
5140,0
5141,5
5142,4
5143,0
5144,0
5145,2
5146,4
5147,9
5148,2
5149,4
5150,2
5151,4
5152,2
5153,2
5154,7
5155,6
5156,6
5157,9
5158,1
5159,0
5160,3
5161,9
5162,7
5163,6
5164,4
5165,2
5166,0
5167,9
5168,2
5169,3
5170,0
5171,2
5172,8
5173,5
5174,2
5175,1
5176,2
5177,9
5178,0
5179,6
5180,1
5181,0
5182,0
5183,9
5184,4
5185,2
5186,5
5187,9
5188,5
5189,4
5190,0
5191,9
5192,1
5193,3
5194,3
5195,8
5196,4
5197,7
5198,4
5199,9
5200,5
5201,9
5202,3
5203,1
5204,4
5205,0
5206,2
5207,9
5208,8
5209,1
5210,9
5211,4
5212,7
5213,5
5214,9
5215,9
5216,8
5217,6
5218,7
5219,6
5220,1
5221,7
5222,6
5223,4
5224,0
5225,3
5226,5
5227,4
5228,4
5229,1
5230,7
5231,5
5232,1
5233,0
5234,0
5235,4
5236,0
5237,4
5238,6
5239,5
5240,5
5241,0
5242,0
5243,0
5244,2
5245,0
5246,3
5247,6
5248,5
5249,3
5250,2
5251,3
5252,9
5253,6
5254,9
5255,6
5256,6
5257,3
5258,2
5259,5
5260,1
5261,0
5262,8
5263,1
5264,5
5265,1
5266,3
5267,8
5268,6
5269,0
5270,4
5271,1
5272,6
5273,2
5274,8
5275,6
5276,0
5277,2
5278,1
5279,3
5280,1
5281,3
5282,5
5283,0
5284,6
5285,1
5286,6
5287,6
5288,1
5289,7
5290,2
5291,4
5292,9
5293,7
5294,5
5295,1
5296,6
5297,9
5298,5
5299,5
5300,8
5301,5
5302,5
5303,2
5304,7
5305,3
5306,0
5307,3
5308,9
5309,2
5310,2
5311,6
5312,3
5313,6
5314,6
5315,0
5316,8
5317,0
5318,2
5319,9
5320,5
5321,4
5322,3
5323,4
5324,1
5325,2
5326,9
5327,9
5328,6
5329,7
5330,4
5331,4
5332,4
5333,3
5334,5
5335,1
5336,9
5337,6
5338,6
5339,9
5340,9
5341,6
5342,6
5343,3
5344,6
5345,2
5346,5
5347,1
5348,0
5349,5
5350,9
5351,1
5352,9
5353,6
5354,4
5355,3
5356,5
5357,6
5358,8
5359,1
5360,4
5361,4
5362,8
5363,6
5364,6
5365,9
5366,2
5367,4
5368,0
5369,5
5370,4
5371,5
5372,3
5373,2
5374,2
5375,4
5376,7
5377,2
5378,0
5379,8
5380,3
5381,2
5382,4
5383,6
5384,3
5385,7
5386,2
5387,9
5388,5
5389,7
5390,6
5391,2
5392,5
5393,4
5394,2
5395,9
5396,1
5397,3
5398,0
5399,0
5400,0
5401,1
5402,6
5403,4
5404,6
5405,1
5406,7
5407,2
5408,0
5409,5
5410,0
5411,6
5412,8
5413,2
5414,5
5415,2
5416,8
5417,5
5418,8
5419,8
5420,4
5421,1
5422,7
5423,6
5424,6
5425,4
5426,7
5427,3
5428,4
5429,5
5430,2
5431,0
5432,4
5433,2
5434,7
5435,6
5436,1
5437,2
5438,6
5439,9
5440,5
5441,5
5442,6
5443,3
5444,7
5445,0
5446,8
5447,6
5448,5
5449,0
5450,8
5451,1
5452,2
5453,0
5454,0
5455,9
5456,9
5457,4
5458,2
5459,9
5460,2
5461,9
5462,6
5463,1
5464,9
5465,2
5466,7
5467,6
5468,2
5469,6
5470,2
5471,9
5472,3
5473,9
5474,2
5475,0
5476,8
5477,1
5478,8
5479,4
5480,6
5481,7
5482,8
5483,0
5484,8
5485,0
5486,0
5487,1
5488,8
5489,9
5490,8
5491,4
5492,6
5493,3
5494,3
5495,5
5496,5
5497,1
5498,1
5499,4
5500,5
5501,1
5502,5
5503,1
5504,0
5505,3
5506,5
5507,7
5508,5
5509,1
5510,5
5511,5
5512,4
5513,0
5514,4
5515,2
5516,2
5517,9
5518,4
5519,1
5520,8
5521,7
5522,6
5523,4
5524,6
5525,8
5526,9
5527,2
5528,3
5529,3
5530,7
5531,6
5532,4
5533,0
5534,6
5535,9
5536,8
5537,4
5538,3
5539,1
5540,4
5541,4
5542,9
5543,9
5544,5
5545,9
5546,6
5547,0
5548,1
5549,9
5550,2
5551,6
5552,5
5553,8
5554,0
5555,0
5556,7
5557,6
5558,9
5559,9
5560,2
5561,9
5562,1
5563,8
5564,2
5565,0
5566,3
5567,8
5568,6
5569,8
5570,4
5571,1
5572,8
5573,4
5574,1
5575,9
5576,4
5577,0
5578,9
5579,4
5580,5
5581,7
5582,5
5583,5
5584,8
5585,9
5586,7
5587,4
5588,6
5589,0
5590,9
5591,9
5592,9
5593,9
5594,4
5595,0
5596,4
5597,2
5598,8
5599,5
5600,7
5601,8
5602,7
5603,9
5604,7
5605,0
5606,2
5607,2
5608,6
5609,8
5610,1
5611,5
5612,6
5613,6
5614,1
5615,7
5616,9
5617,5
5618,9
5619,1
5620,2
5621,2
5622,1
5623,3
5624,9
5625,4
5626,8
5627,1
5628,4
5629,9
5630,4
5631,2
5632,6
5633,0
5634,6
5635,6
5636,1
5637,9
5638,8
5639,0
5640,4
5641,2
5642,3
5643,4
5644,3
5645,5
5646,1
5647,3
5648,6
5649,6
5650,1
5651,1
5652,9
5653,5
5654,1
5655,5
5656,5
5657,5
5658,0
5659,9
5660,4
5661,9
5662,0
5663,6
5664,9
5665,6
5666,6
5667,0
5668,3
5669,4
5670,9
5671,8
5672,6
5673,2
5674,8
5675,3
5676,4
5677,0
5678,0
5679,5
5680,5
5681,7
5682,4
5683,3
5684,8
5685,9
5686,2
5687,0
5688,9
5689,4
5690,0
5691,9
5692,6
5693,2
5694,6
5695,3
5696,7
5697,8
5698,5
5699,9
5700,1
5701,0
5702,4
5703,0
5704,3
5705,1
5706,1
5707,6
5708,2
5709,7
5710,3
5711,1
5712,0
5713,7
5714,7
5715,6
5716,1
5717,0
5718,8
5719,6
5720,6
5721,0
5722,6
5723,4
5724,5
5725,5
5726,9
5727,2
5728,6
5729,0
5730,7
5731,2
5732,1
5733,7
5734,8
5735,7
5736,8
5737,8
5738,8
5739,4
5740,5
5741,9
5742,4
5743,5
5744,1
5745,0
5746,6
5747,7
5748,9
5749,7
5750,0
5751,0
5752,8
5753,4
5754,7
5755,4
5756,4
5757,2
5758,0
5759,4
5760,1
5761,9
5762,9
5763,8
5764,4
5765,1
5766,5
5767,3
5768,4
5769,0
5770,1
5771,8
5772,5
5773,5
5774,4
5775,2
5776,2
5777,8
5778,9
5779,2
5780,1
5781,4
5782,4
5783,7
5784,8
5785,2
5786,7
5787,8
5788,0
5789,9
5790,9
5791,4
5792,1
5793,0
5794,0
5795,4
5796,7
5797,6
5798,9
5799,4
5800,1
5801,9
5802,5
5803,9
5804,9
5805,8
5806,9
5807,1
5808,4
5809,8
5810,0
5811,2
5812,0
5813,7
5814,8
5815,6
5816,4
5817,2
5818,2
5819,6
5820,4
5821,8
5822,8
5823,6
5824,9
5825,5
5826,7
5827,1
5828,9
5829,3
5830,6
5831,5
5832,0
5833,6
5834,6
5835,0
5836,7
5837,8
5838,6
5839,5
5840,9
5841,7
5842,4
5843,3
5844,7
5845,8
5846,5
5847,9
5848,4
5849,1
5850,0
5851,3
5852,8
5853,5
5854,5
5855,2
5856,0
5857,8
5858,5
5859,7
5860,0
5861,0
5862,6
5863,1
5864,6
5865,1
5866,7
5867,7
5868,5
5869,4
5870,1
5871,0
5872,1
5873,3
5874,2
5875,9
5876,4
5877,7
5878,0
5879,0
5880,3
5881,8
5882,7
5883,2
5884,1
5885,1
5886,1
5887,6
5888,4
5889,3
5890,9
5891,5
5892,5
5893,9
5894,5
5895,5
5896,9
5897,2
5898,8
5899,4
5900,8
5901,1
5902,4
5903,3
5904,3
5905,9
5906,2
5907,8
5908,3
5909,3
5910,8
5911,3
5912,4
5913,7
5914,1
5915,5
5916,3
5917,2
5918,8
5919,8
5920,6
5921,3
5922,6
5923,2
5924,6
5925,7
5926,5
5927,8
5928,2
5929,8
5930,1
5931,5
5932,7
5933,0
5934,0
5935,6
5936,3
5937,9
5938,0
5939,6
5940,4
5941,2
5942,8
5943,9
5944,0
5945,4
5946,9
5947,1
5948,6
5949,7
5950,7
5951,8
5952,4
5953,1
5954,0
5955,2
5956,3
5957,9
5958,8
5959,4
5960,7
5961,6
5962,7
5963,2
5964,4
5965,0
5966,8
5967,8
5968,3
5969,2
5970,1
5971,6
5972,9
5973,2
5974,3
5975,6
5976,8
5977,9
5978,9
5979,7
5980,2
5981,1
5982,4
5983,5
5984,2
5985,8
5986,1
5987,3
5988,4
5989,5
5990,1
5991,1
5992,8
5993,5
5994,1
5995,1
5996,0
5997,0
5998,0
5999,2
6000,4
6001,7
6002,2
6003,7
6004,3
6005,7
6006,4
6007,9
6008,6
6009,6
6010,1
6011,4
6012,7
6013,5
6014,3
6015,8
6016,7
6017,9
6018,0
6019,8
6020,8
6021,3
6022,9
6023,7
6024,0
6025,4
6026,8
6027,2
6028,9
6029,7
6030,8
6031,2
6032,2
6033,8
6034,4
6035,1
6036,3
6037,9
6038,7
6039,1
6040,8
6041,1
6042,4
6043,1
6044,5
6045,8
6046,8
6047,3
6048,9
6049,2
6050,0
6051,9
6052,7
6053,4
6054,1
6055,1
6056,8
6057,5
6058,7
6059,1
6060,6
6061,6
6062,1
6063,8
6064,0
6065,6
6066,6
6067,3
6068,1
6069,5
6070,8
6071,9
6072,0
6073,2
6074,1
6075,1
6076,4
6077,9
6078,5
6079,5
6080,3
6081,3
6082,4
6083,9
6084,9
6085,7
6086,8
6087,4
6088,1
6089,7
6090,8
6091,7
6092,2
6093,8
6094,2
6095,2
6096,0
6097,1
6098,8
6099,9
6100,8
6101,3
6102,1
6103,4
6104,4
6105,4
6106,1
6107,4
6108,7
6109,1
6110,5
6111,4
6112,8
6113,7
6114,5
6115,1
6116,4
6117,5
6118,6
6119,3
6120,8
6121,7
6122,7
6123,8
6124,5
6125,2
6126,4
6127,6
6128,9
6129,9
6130,1
6131,1
6132,1
6133,6
6134,8
6135,6
6136,2
6137,9
6138,6
6139,3
6140,9
6141,2
6142,5
6143,9
6144,3
6145,6
6146,3
6147,1
6148,2
6149,4
6150,9
6151,9
6152,3
6153,0
6154,3
6155,3
6156,1
6157,7
6158,5
6159,3
6160,5
6161,9
6162,1
6163,7
6164,3
6165,2
6166,6
6167,3
6168,7
6169,0
6170,3
6171,6
6172,1
6173,1
6174,5
6175,1
6176,2
6177,6
6178,0
6179,1
6180,1
6181,8
6182,5
6183,2
6184,0
6185,8
6186,4
6187,9
6188,2
6189,1
6190,6
6191,4
6192,2
6193,6
6194,0
6195,9
6196,4
6197,8
6198,7
6199,2
6200,3
6201,6
6202,8
6203,5
6204,4
6205,4
6206,0
6207,5
6208,6
6209,2
6210,5
6211,1
6212,7
6213,9
6214,4
6215,2
6216,0
6217,5
6218,2
6219,8
6220,4
6221,7
6222,8
6223,1
6224,6
6225,3
6226,2
6227,2
6228,6
6229,6
6230,7
6231,8
6232,9
6233,5
6234,9
6235,1
6236,0
6237,6
6238,9
6239,9
6240,6
6241,6
6242,7
6243,4
6244,4
6245,5
6246,5
6247,9
6248,8
6249,7
6250,0
6251,5
6252,9
6253,3
6254,6
6255,9
6256,1
6257,9
6258,2
6259,0
6260,2
6261,1
6262,4
6263,9
6264,3
6265,0
6266,5
6267,5
6268,3
6269,5
6270,0
6271,5
6272,2
6273,5
6274,4
6275,7
6276,3
6277,8
6278,7
6279,3
6280,1
6281,4
6282,1
6283,4
6284,4
6285,9
6286,8
6287,8
6288,6
6289,1
6290,8
6291,8
6292,2
6293,4
6294,1
6295,1
6296,9
6297,2
6298,1
6299,8
6300,1
6301,8
6302,3
6303,6
6304,7
6305,9
6306,2
6307,4
6308,6
6309,5
6310,5
6311,5
6312,7
6313,2
6314,4
6315,4
6316,1
6317,3
6318,0
6319,8
6320,8
6321,0
6322,8
6323,0
6324,9
6325,2
6326,4
6327,7
6328,9
6329,5
6330,6
6331,7
6332,3
6333,2
6334,2
6335,0
6336,9
6337,3
6338,2
6339,2
6340,1
6341,0
6342,1
6343,2
6344,2
6345,4
6346,3
6347,0
6348,2
6349,6
6350,3
6351,4
6352,6
6353,2
6354,2
6355,8
6356,7
6357,6
6358,0
6359,7
6360,5
6361,3
6362,5
6363,5
6364,9
6365,6
6366,0
6367,5
6368,9
6369,6
6370,4
6371,7
6372,7
6373,9
6374,0
6375,9
6376,6
6377,8
6378,7
6379,4
6380,9
6381,4
6382,5
6383,2
6384,7
6385,5
6386,9
6387,0
6388,7
6389,7
6390,9
6391,1
6392,5
6393,0
6394,3
6395,4
6396,1
6397,9
6398,7
6399,0
6400,4
6401,8
6402,2
6403,3
6404,8
6405,6
6406,1
6407,9
6408,2
6409,8
6410,3
6411,1
6412,0
6413,0
6414,5
6415,0
6416,8
6417,7
6418,3
6419,9
6420,5
6421,5
6422,7
6423,3
6424,5
6425,4
6426,2
6427,3
6428,5
6429,9
6430,1
6431,1
6432,0
6433,1
6434,9
6435,0
6436,5
6437,1
6438,3
6439,1
6440,8
6441,8
6442,6
6443,9
6444,5
6445,9
6446,0
6447,7
6448,5
6449,4
6450,6
6451,3
6452,6
6453,3
6454,8
6455,8
6456,5
6457,1
6458,4
6459,0
6460,9
6461,7
6462,5
6463,8
6464,2
6465,2
6466,4
6467,8
6468,7
6469,1
6470,0
6471,9
6472,9
6473,5
6474,5
6475,2
6476,8
6477,6
6478,1
6479,3
6480,2
6481,0
6482,1
6483,1
6484,4
6485,7
6486,0
6487,1
6488,9
6489,8
6490,2
6491,4
6492,9
6493,9
6494,3
6495,5
6496,0
6497,5
6498,3
6499,7
6500,6
6501,8
6502,9
6503,9
6504,8
6505,2
6506,6
6507,8
6508,4
6509,1
6510,4
6511,0
6512,9
6513,9
6514,4
6515,2
6516,7
6517,3
6518,8
6519,1
6520,3
6521,5
6522,5
6523,5
6524,4
6525,0
6526,5
6527,1
6528,0
6529,7
6530,9
6531,4
6532,5
6533,5
6534,6
6535,8
6536,1
6537,3
6538,6
6539,1
6540,3
6541,2
6542,0
6543,2
6544,7
6545,6
6546,1
6547,9
6548,4
6549,5
6550,5
6551,3
6552,3
6553,3
6554,1
6555,7
6556,0
6557,8
6558,1
6559,5
6560,6
6561,9
6562,8
6563,9
6564,9
6565,9
6566,5
6567,2
6568,8
6569,5
6570,2
6571,6
6572,6
6573,5
6574,1
6575,5
6576,7
6577,2
6578,0
6579,4
6580,4
6581,0
6582,5
6583,4
6584,9
6585,5
6586,8
6587,0
6588,3
6589,2
6590,2
6591,7
6592,4
6593,8
6594,9
6595,2
6596,0
6597,7
6598,4
6599,7
6600,6
6601,1
6602,2
6603,2
6604,1
6605,9
6606,1
6607,5
6608,0
6609,6
6610,4
6611,4
6612,9
6613,0
6614,0
6615,4
6616,3
6617,1
6618,0
6619,8
6620,9
6621,4
6622,8
6623,2
6624,5
6625,4
6626,7
6627,9
6628,0
6629,2
6630,9
6631,2
6632,2
6633,1
6634,5
6635,1
6636,3
6637,8
6638,3
6639,8
6640,7
6641,2
6642,0
6643,7
6644,2
6645,6
6646,5
6647,2
6648,4
6649,5
6650,0
6651,1
6652,1
6653,0
6654,4
6655,2
6656,5
6657,2
6658,5
6659,2
6660,8
6661,3
6662,9
6663,6
6664,6
6665,5
6666,7
6667,9
6668,7
6669,4
6670,5
6671,3
6672,7
6673,1
6674,2
6675,1
6676,7
6677,4
6678,9
6679,9
6680,3
6681,6
6682,5
6683,1
6684,3
6685,1
6686,1
6687,1
6688,0
6689,6
6690,0
6691,0
6692,3
6693,5
6694,8
6695,4
6696,3
6697,8
6698,6
6699,4
6700,1
6701,5
6702,5
6703,1
6704,1
6705,5
6706,7
6707,7
6708,6
6709,2
6710,3
6711,9
6712,3
6713,0
6714,8
6715,9
6716,7
6717,0
6718,8
6719,4
6720,7
6721,0
6722,4
6723,8
6724,7
6725,9
6726,5
6727,3
6728,9
6729,1
6730,1
6731,9
6732,4
6733,0
6734,6
6735,3
6736,8
6737,1
6738,6
6739,2
6740,0
6741,7
6742,1
6743,5
6744,1
6745,4
6746,1
6747,8
6748,3
6749,2
6750,7
6751,2
6752,0
6753,3
6754,3
6755,1
6756,2
6757,2
6758,2
6759,6
6760,2
6761,8
6762,5
6763,7
6764,9
6765,5
6766,6
6767,9
6768,5
6769,4
6770,1
6771,4
6772,8
6773,4
6774,1
6775,1
6776,6
6777,9
6778,8
6779,4
6780,9
6781,0
6782,7
6783,2
6784,0
6785,7
6786,0
6787,8
6788,3
6789,1
6790,3
6791,8
6792,2
6793,9
6794,3
6795,2
6796,5
6797,1
6798,0
6799,4
6800,7
6801,6
6802,8
6803,5
6804,5
6805,8
6806,1
6807,3
6808,4
6809,6
6810,2
6811,2
6812,8
6813,8
6814,3
6815,4
6816,2
6817,4
6818,0
6819,4
6820,7
6821,1
6822,9
6823,4
6824,6
6825,0
6826,9
6827,5
6828,7
6829,8
6830,7
6831,7
6832,4
6833,9
6834,3
6835,2
6836,7
6837,2
6838,3
6839,8
6840,2
6841,2
6842,5
6843,0
6844,5
6845,7
6846,3
6847,5
6848,4
6849,5
6850,8
6851,4
6852,4
6853,5
6854,8
6855,1
6856,1
6857,8
6858,4
6859,6
6860,9
6861,0
6862,9
6863,7
6864,0
6865,0
6866,7
6867,5
6868,5
6869,8
6870,8
6871,0
6872,3
6873,3
6874,6
6875,1
6876,3
6877,7
6878,2
6879,3
6880,2
6881,8
6882,5
6883,8
6884,0
6885,1
6886,9
6887,1
6888,5
6889,5
6890,1
6891,4
6892,5
6893,8
6894,7
6895,6
6896,0
6897,2
6898,9
6899,1
6900,1
6901,9
6902,2
6903,4
6904,2
6905,7
6906,9
6907,3
6908,8
6909,7
6910,6
6911,2
6912,7
6913,1
6914,2
6915,9
6916,2
6917,6
6918,6
6919,2
6920,2
6921,5
6922,8
6923,1
6924,2
6925,6
6926,6
6927,8
6928,5
6929,7
6930,7
6931,3
6932,1
6933,2
6934,6
6935,0
6936,3
6937,8
6938,7
6939,5
6940,5
6941,9
6942,4
6943,9
6944,7
6945,0
6946,2
6947,2
6948,3
6949,7
6950,8
6951,6
6952,6
6953,7
6954,9
6955,9
6956,2
6957,4
6958,6
6959,5
6960,6
6961,7
6962,0
6963,9
6964,2
6965,3
6966,1
6967,9
6968,3
6969,7
6970,9
6971,7
6972,9
6973,5
6974,3
6975,6
6976,3
6977,9
6978,9
6979,9
6980,7
6981,2
6982,6
6983,5
6984,9
6985,0
6986,4
6987,8
6988,1
6989,5
6990,9
6991,7
6992,5
6993,3
6994,3
6995,9
6996,4
6997,7
6998,6
6999,6
7000,9
7001,8
7002,0
7003,7
7004,3
7005,2
7006,8
7007,4
7008,8
7009,0
7010,3
7011,0
7012,9
7013,4
7014,9
7015,0
7016,2
7017,8
7018,3
7019,8
7020,7
7021,5
7022,7
7023,1
7024,5
7025,2
7026,7
7027,9
7028,6
7029,1
7030,3
7031,6
7032,3
7033,2
7034,9
7035,1
7036,9
7037,1
7038,6
7039,7
7040,9
7041,4
7042,5
7043,9
7044,3
7045,2
7046,1
7047,5
7048,5
7049,3
7050,0
7051,1
7052,9
7053,1
7054,3
7055,2
7056,8
7057,0
7058,5
7059,5
7060,2
7061,7
7062,3
7063,5
7064,0
7065,3
7066,7
7067,0
7068,9
7069,7
7070,2
7071,4
7072,2
7073,2
7074,5
7075,8
7076,6
7077,3
7078,2
7079,6
7080,6
7081,7
7082,8
7083,4
7084,4
7085,2
7086,4
7087,9
7088,2
7089,4
7090,4
7091,4
7092,2
7093,3
7094,8
7095,1
7096,3
7097,2
7098,8
7099,3
7100,5
7101,4
7102,9
7103,1
7104,9
7105,2
7106,9
7107,3
7108,2
7109,8
7110,3
7111,3
7112,9
7113,9
7114,0
7115,0
7116,5
7117,4
7118,2
7119,5
7120,3
7121,6
7122,1
7123,5
7124,5
7125,5
7126,0
7127,9
7128,7
7129,9
7130,9
7131,5
7132,1
7133,4
7134,9
7135,1
7136,6
7137,8
7138,3
7139,2
7140,5
7141,2
7142,8
7143,4
7144,0
7145,1
7146,7
7147,4
7148,7
7149,1
7150,6
7151,5
7152,7
7153,2
7154,3
7155,4
7156,0
7157,7
7158,3
7159,8
7160,6
7161,7
7162,9
7163,2
7164,4
7165,5
7166,1
7167,1
7168,1
7169,9
7170,4
7171,8
7172,8
7173,3
7174,1
7175,5
7176,3
7177,3
7178,5
7179,6
7180,0
7181,3
7182,3
7183,0
7184,0
7185,7
7186,8
7187,6
7188,7
7189,9
7190,3
7191,2
7192,0
7193,5
7194,3
7195,5
7196,0
7197,2
7198,8
7199,6
7200,6
7201,1
7202,2
7203,7
7204,1
7205,8
7206,2
7207,6
7208,3
7209,3
7210,1
7211,8
7212,7
7213,2
7214,2
7215,8
7216,9
7217,7
7218,7
7219,7
7220,4
7221,6
7222,1
7223,4
7224,7
7225,0
7226,1
7227,2
7228,1
7229,1
7230,6
7231,3
7232,3
7233,4
7234,8
7235,3
7236,4
7237,0
7238,0
7239,5
7240,0
7241,1
7242,4
7243,4
7244,4
7245,9
7246,9
7247,4
7248,5
7249,6
7250,5
7251,5
7252,2
7253,3
7254,4
7255,6
7256,2
7257,8
7258,4
7259,2
7260,6
7261,1
7262,6
7263,1
7264,8
7265,3
7266,0
7267,4
7268,1
7269,6
7270,3
7271,6
7272,6
7273,8
7274,0
7275,3
7276,3
7277,6
7278,3
7279,9
7280,4
7281,4
7282,3
7283,6
7284,6
7285,8
7286,4
7287,8
7288,7
7289,8
7290,6
7291,7
7292,9
7293,2
7294,9
7295,3
7296,4
7297,8
7298,9
7299,8
7300,4
7301,9
7302,1
7303,4
7304,8
7305,4
7306,2
7307,5
7308,0
7309,1
7310,1
7311,6
7312,8
7313,8
7314,0
7315,9
7316,6
7317,0
7318,4
7319,0
7320,4
7321,0
7322,7
7323,9
7324,6
7325,3
7326,3
7327,1
7328,0
7329,4
7330,2
7331,8
7332,3
7333,9
7334,6
7335,7
7336,6
7337,8
7338,4
7339,8
7340,0
7341,4
7342,1
7343,9
7344,5
7345,8
7346,6
7347,1
7348,8
7349,9
7350,5
7351,9
7352,4
7353,8
7354,4
7355,2
7356,0
7357,0
7358,9
7359,5
7360,7
7361,2
7362,6
7363,7
7364,2
7365,1
7366,9
7367,7
7368,8
7369,8
7370,1
7371,0
7372,6
7373,9
7374,3
7375,7
7376,6
7377,5
7378,3
7379,1
7380,8
7381,0
7382,4
7383,9
7384,1
7385,9
7386,0
7387,7
7388,6
7389,3
7390,9
7391,4
7392,7
7393,1
7394,4
7395,1
7396,7
7397,9
7398,1
7399,7
7400,7
7401,3
7402,9
7403,6
7404,3
7405,8
7406,7
7407,8
7408,8
7409,9
7410,1
7411,1
7412,3
7413,0
7414,8
7415,4
7416,2
7417,9
7418,3
7419,8
7420,1
7421,4
7422,1
7423,3
7424,1
7425,0
7426,1
7427,5
7428,8
7429,8
7430,5
7431,6
7432,1
7433,6
7434,9
7435,9
7436,8
7437,2
7438,5
7439,2
7440,9
7441,7
7442,2
7443,5
7444,2
7445,2
7446,3
7447,2
7448,6
7449,3
7450,4
7451,4
7452,8
7453,9
7454,5
7455,6
7456,3
7457,9
7458,3
7459,1
7460,0
7461,1
7462,7
7463,3
7464,9
7465,6
7466,0
7467,9
7468,0
7469,6
7470,7
7471,3
7472,3
7473,2
7474,6
7475,2
7476,8
7477,2
7478,5
7479,8
7480,5
7481,0
7482,1
7483,6
7484,8
7485,9
7486,1
7487,7
7488,6
7489,8
7490,2
7491,5
7492,4
7493,5
7494,6
7495,7
7496,3
7497,1
7498,2
7499,5
7500,5
7501,8
7502,6
7503,2
7504,6
7505,3
7506,0
7507,1
7508,3
7509,0
7510,8
7511,6
7512,2
7513,4
7514,7
7515,1
7516,3
7517,4
7518,4
7519,8
7520,9
7521,0
7522,6
7523,3
7524,6
7525,9
7526,7
7527,2
7528,3
7529,5
7530,7
7531,8
7532,9
7533,5
7534,7
7535,9
7536,3
7537,7
7538,5
7539,6
7540,0
7541,9
7542,8
7543,8
7544,7
7545,2
7546,3
7547,5
7548,1
7549,1
7550,9
7551,8
7552,2
7553,0
7554,9
7555,7
7556,5
7557,7
7558,2
7559,4
7560,0
7561,9
7562,3
7563,5
7564,4
7565,1
7566,5
7567,7
7568,3
7569,6
7570,3
7571,5
7572,5
7573,6
7574,4
7575,1
7576,7
7577,1
7578,1
7579,7
7580,0
7581,6
7582,8
7583,7
7584,2
7585,5
7586,9
7587,7
7588,5
7589,2
7590,8
7591,4
7592,9
7593,9
7594,2
7595,3
7596,9
7597,2
7598,0
7599,9
7600,4
7601,3
7602,3
7603,6
7604,5
7605,8
7606,2
7607,1
7608,5
7609,0
7610,5
7611,0
7612,7
7613,5
7614,6
7615,5
7616,7
7617,5
7618,9
7619,8
7620,1
7621,6
7622,4
7623,9
7624,6
7625,6
7626,9
7627,0
7628,4
7629,7
7630,5
7631,3
7632,0
7633,2
7634,9
7635,3
7636,1
7637,4
7638,2
7639,9
7640,5
7641,1
7642,8
7643,6
7644,1
7645,0
7646,3
7647,2
7648,0
7649,2
7650,1
7651,8
7652,0
7653,7
7654,3
7655,2
7656,8
7657,4
7658,9
7659,0
7660,8
7661,1
7662,1
7663,5
7664,9
7665,6
7666,1
7667,9
7668,0
7669,6
7670,9
7671,0
7672,7
7673,0
7674,8
7675,8
7676,2
7677,9
7678,5
7679,6
7680,1
7681,1
7682,8
7683,8
7684,1
7685,9
7686,0
7687,1
7688,9
7689,6
7690,6
7691,0
7692,8
7693,4
7694,4
7695,8
7696,5
7697,4
7698,4
7699,7
7700,2
7701,7
7702,6
7703,3
7704,8
7705,2
7706,1
7707,8
7708,7
7709,2
7710,5
7711,5
7712,1
7713,6
7714,6
7715,4
7716,5
7717,9
7718,4
7719,7
7720,6
7721,5
7722,3
7723,2
7724,2
7725,6
7726,9
7727,4
7728,6
7729,1
7730,8
7731,9
7732,3
7733,0
7734,9
7735,5
7736,6
7737,4
7738,1
7739,4
7740,4
7741,0
7742,2
7743,2
7744,8
7745,5
7746,6
7747,6
7748,1
7749,1
7750,4
7751,8
7752,5
7753,2
7754,5
7755,9
7756,0
7757,6
7758,8
7759,3
7760,3
7761,5
7762,0
7763,1
7764,3
7765,1
7766,2
7767,5
7768,6
7769,9
7770,7
7771,1
7772,7
7773,9
7774,3
7775,1
7776,7
7777,0
7778,9
7779,3
7780,5
7781,7
7782,4
7783,6
7784,0
7785,3
7786,6
7787,0
7788,1
7789,9
7790,2
7791,3
7792,7
7793,9
7794,3
7795,4
7796,9
7797,9
7798,2
7799,2
7800,4
7801,4
7802,0
7803,8
7804,2
7805,4
7806,8
7807,5
7808,1
7809,4
7810,1
7811,2
7812,8
7813,1
7814,7
7815,4
7816,3
7817,1
7818,5
7819,2
7820,2
7821,3
7822,1
7823,0
7824,2
7825,4
7826,3
7827,2
7828,1
7829,0
7830,9
7831,1
7832,3
7833,5
7834,9
7835,3
7836,5
7837,7
7838,0
7839,0
7840,0
7841,1
7842,4
7843,4
7844,5
7845,8
7846,8
7847,8
7848,4
7849,2
7850,6
7851,4
7852,6
7853,5
7854,6
7855,1
7856,4
7857,2
7858,1
7859,0
7860,5
7861,8
7862,4
7863,0
7864,4
7865,7
7866,6
7867,5
7868,1
7869,2
7870,2
7871,6
7872,5
7873,4
7874,7
7875,1
7876,5
7877,1
7878,5
7879,6
7880,3
7881,3
7882,4
7883,3
7884,0
7885,1
7886,1
7887,7
7888,1
7889,4
7890,9
7891,9
7892,8
7893,6
7894,7
7895,7
7896,2
7897,0
7898,5
7899,6
7900,3
7901,6
7902,3
7903,7
7904,6
7905,1
7906,2
7907,0
7908,5
7909,6
7910,1
7911,5
7912,0
7913,2
7914,6
7915,1
7916,0
7917,1
7918,7
7919,4
7920,4
7921,1
7922,3
7923,7
7924,8
7925,1
7926,5
7927,8
7928,7
7929,4
7930,4
7931,9
7932,1
7933,9
7934,9
7935,3
7936,9
7937,2
7938,0
7939,4
7940,5
7941,0
7942,8
7943,4
7944,9
7945,9
7946,9
7947,5
7948,5
7949,5
7950,0
7951,8
7952,5
7953,7
7954,9
7955,1
7956,2
7957,5
7958,5
7959,8
7960,7
7961,2
7962,4
7963,5
7964,9
7965,8
7966,4
7967,7
7968,7
7969,4
7970,8
7971,9
7972,9
7973,8
7974,6
7975,5
7976,7
7977,7
7978,7
7979,4
7980,9
7981,8
7982,5
7983,0
7984,6
7985,9
7986,4
7987,3
7988,4
7989,8
7990,3
7991,7
7992,6
7993,3
7994,7
7995,8
7996,1
7997,8
7998,6
7999,3
8000,8
8001,7
8002,9
8003,5
8004,6
8005,4
8006,7
8007,8
8008,2
8009,0
8010,2
8011,5
8012,1
8013,4
8014,5
8015,9
8016,7
8017,9
8018,5
8019,1
8020,2
8021,3
8022,9
8023,1
8024,5
8025,3
8026,8
8027,2
8028,6
8029,3
8030,2
8031,9
8032,3
8033,1
8034,6
8035,9
8036,6
8037,4
8038,6
8039,2
8040,5
8041,0
8042,2
8043,3
8044,3
8045,9
8046,6
8047,7
8048,7
8049,6
8050,4
8051,4
8052,1
8053,0
8054,9
8055,7
8056,2
8057,8
8058,4
8059,2
8060,1
8061,1
8062,6
8063,3
8064,5
8065,6
8066,2
8067,9
8068,7
8069,6
8070,3
8071,6
8072,5
8073,0
8074,1
8075,0
8076,7
8077,9
8078,4
8079,0
8080,0
8081,0
8082,2
8083,9
8084,6
8085,9
8086,1
8087,7
8088,3
8089,1
8090,2
8091,5
8092,6
8093,3
8094,4
8095,6
8096,9
8097,7
8098,2
8099,8
8100,5
8101,8
8102,0
8103,9
8104,3
8105,9
8106,5
8107,1
8108,1
8109,2
8110,1
8111,9
8112,7
8113,5
8114,3
8115,0
8116,7
8117,4
8118,6
8119,3
8120,3
8121,0
8122,4
8123,9
8124,8
8125,6
8126,7
8127,6
8128,5
8129,1
8130,3
8131,4
8132,5
8133,4
8134,1
8135,3
8136,7
8137,5
8138,5
8139,5
8140,9
8141,2
8142,2
8143,9
8144,5
8145,6
8146,3
8147,4
8148,4
8149,0
8150,8
8151,0
8152,9
8153,9
8154,9
8155,0
8156,1
8157,0
8158,8
8159,6
8160,1
8161,1
8162,2
8163,6
8164,3
8165,7
8166,4
8167,6
8168,5
8169,2
8170,2
8171,3
8172,1
8173,0
8174,7
8175,4
8176,0
8177,2
8178,3
8179,4
8180,3
8181,3
8182,0
8183,8
8184,9
8185,3
8186,8
8187,5
8188,3
8189,2
8190,1
8191,3
8192,2
8193,9
8194,2
8195,1
8196,0
8197,7
8198,4
8199,8
8200,9
8201,2
8202,8
8203,2
8204,8
8205,6
8206,2
8207,0
8208,8
8209,0
8210,6
8211,3
8212,8
8213,8
8214,1
8215,0
8216,1
8217,1
8218,4
8219,5
8220,1
8221,5
8222,9
8223,0
8224,7
8225,1
8226,3
8227,3
8228,4
8229,6
8230,4
8231,1
8232,6
8233,8
8234,8
8235,6
8236,3
8237,6
8238,2
8239,1
8240,2
8241,0
8242,4
8243,8
8244,8
8245,6
8246,9
8247,7
8248,3
8249,7
8250,3
8251,6
8252,9
8253,7
8254,1
8255,3
8256,8
8257,2
8258,8
8259,6
8260,6
8261,2
8262,5
8263,6
8264,1
8265,1
8266,4
8267,5
8268,7
8269,7
8270,0
8271,1
8272,1
8273,6
8274,3
8275,2
8276,6
8277,4
8278,6
8279,2
8280,4
8281,2
8282,2
8283,7
8284,6
8285,4
8286,0
8287,1
8288,4
8289,1
8290,3
8291,2
8292,8
8293,9
8294,4
8295,4
8296,4
8297,8
8298,3
8299,7
8300,8
8301,0
8302,7
8303,1
8304,3
8305,8
8306,6
8307,1
8308,1
8309,8
8310,4
8311,4
8312,5
8313,4
8314,5
8315,6
8316,4
8317,2
8318,7
8319,6
8320,9
8321,0
8322,7
8323,2
8324,8
8325,3
8326,2
8327,9
8328,9
8329,2
8330,7
8331,3
8332,4
8333,9
8334,0
8335,7
8336,1
8337,1
8338,9
8339,2
8340,6
8341,8
8342,1
8343,0
8344,7
8345,5
8346,6
8347,0
8348,4
8349,7
8350,6
8351,0
8352,3
8353,4
8354,0
8355,1
8356,4
8357,1
8358,0
8359,3
8360,8
8361,9
8362,7
8363,1
8364,5
8365,7
8366,9
8367,5
8368,6
8369,4
8370,8
8371,4
8372,2
8373,8
8374,7
8375,9
8376,5
8377,5
8378,2
8379,9
8380,3
8381,1
8382,4
8383,7
8384,3
8385,0
8386,5
8387,0
8388,4
8389,0
8390,3
8391,2
8392,4
8393,8
8394,3
8395,9
8396,3
8397,7
8398,2
8399,0
8400,1
8401,5
8402,8
8403,2
8404,6
8405,4
8406,2
8407,8
8408,5
8409,1
8410,3
8411,4
8412,2
8413,4
8414,4
8415,9
8416,4
8417,3
8418,5
8419,5
8420,1
8421,9
8422,3
8423,9
8424,9
8425,7
8426,7
8427,9
8428,1
8429,2
8430,8
8431,5
8432,3
8433,1
8434,5
8435,0
8436,8
8437,2
8438,2
8439,2
8440,2
8441,6
8442,5
8443,8
8444,9
8445,7
8446,9
8447,1
8448,6
8449,7
8450,9
8451,2
8452,8
8453,0
8454,1
8455,4
8456,3
8457,6
8458,6
8459,9
8460,5
8461,2
8462,8
8463,9
8464,6
8465,7
8466,3
8467,9
8468,1
8469,7
8470,5
8471,0
8472,7
8473,9
8474,0
8475,9
8476,4
8477,3
8478,9
8479,6
8480,2
8481,4
8482,4
8483,9
8484,3
8485,8
8486,4
8487,2
8488,6
8489,4
8490,4
8491,2
8492,2
8493,5
8494,0
8495,0
8496,2
8497,0
8498,8
8499,4
8500,8
8501,8
8502,6
8503,3
8504,6
8505,1
8506,4
8507,5
8508,9
8509,4
8510,1
8511,0
8512,3
8513,0
8514,0
8515,9
8516,4
8517,1
8518,4
8519,5
8520,5
8521,4
8522,0
8523,7
8524,4
8525,2
8526,4
8527,9
8528,2
8529,9
8530,4
8531,2
8532,3
8533,6
8534,8
8535,0
8536,5
8537,3
8538,1
8539,2
8540,1
8541,5
8542,5
8543,1
8544,8
8545,1
8546,5
8547,3
8548,8
8549,1
8550,1
8551,4
8552,0
8553,9
8554,6
8555,9
8556,2
8557,7
8558,5
8559,7
8560,3
8561,6
8562,1
8563,6
8564,3
8565,9
8566,8
8567,8
8568,3
8569,9
8570,7
8571,1
8572,2
8573,6
8574,0
8575,5
8576,1
8577,7
8578,3
8579,8
8580,2
8581,9
8582,8
8583,3
8584,9
8585,7
8586,8
8587,7
8588,2
8589,1
8590,4
8591,5
8592,4
8593,3
8594,6
8595,7
8596,1
8597,7
8598,1
8599,8
8600,9
8601,7
8602,9
8603,4
8604,2
8605,1
8606,5
8607,4
8608,7
8609,0
8610,1
8611,4
8612,3
8613,7
8614,2
8615,4
8616,8
8617,5
8618,1
8619,4
8620,3
8621,8
8622,8
8623,1
8624,7
8625,4
8626,2
8627,7
8628,1
8629,6
8630,6
8631,9
8632,6
8633,3
8634,6
8635,5
8636,7
8637,5
8638,2
8639,9
8640,4
8641,8
8642,1
8643,3
8644,1
8645,4
8646,0
8647,1
8648,5
8649,1
8650,5
8651,9
8652,5
8653,7
8654,5
8655,6
8656,5
8657,6
8658,7
8659,9
8660,8
8661,1
8662,3
8663,6
8664,6
8665,5
8666,5
8667,7
8668,8
8669,1
8670,2
8671,9
8672,6
8673,1
8674,1
8675,2
8676,0
8677,0
8678,0
8679,4
8680,2
8681,7
8682,6
8683,5
8684,0
8685,7
8686,7
8687,0
8688,6
8689,7
8690,3
8691,1
8692,2
8693,5
8694,2
8695,3
8696,9
8697,2
8698,6
8699,7
8700,7
8701,3
8702,6
8703,9
8704,1
8705,7
8706,3
8707,6
8708,1
8709,3
8710,8
8711,4
8712,1
8713,5
8714,8
8715,8
8716,7
8717,9
8718,0
8719,0
8720,6
8721,6
8722,4
8723,4
8724,1
8725,7
8726,7
8727,9
8728,2
8729,2
8730,1
8731,0
8732,4
8733,8
8734,4
8735,6
8736,5
8737,5
8738,3
8739,1
8740,9
8741,1
8742,0
8743,7
8744,7
8745,5
8746,8
8747,5
8748,5
8749,1
8750,4
8751,2
8752,3
8753,2
8754,3
8755,9
8756,9
8757,0
8758,8
8759,3
8760,0
8761,9
8762,6
8763,8
8764,9
8765,8
8766,7
8767,2
8768,9
8769,8
8770,5
8771,8
8772,1
8773,9
8774,2
8775,5
8776,5
8777,6
8778,0
8779,2
8780,9
8781,6
8782,1
8783,5
8784,5
8785,9
8786,5
8787,3
8788,2
8789,8
8790,0
8791,7
8792,6
8793,7
8794,6
8795,8
8796,1
8797,6
8798,9
8799,9
8800,8
8801,4
8802,8
8803,0
8804,3
8805,0
8806,8
8807,6
8808,3
8809,3
8810,1
8811,4
8812,0
8813,6
8814,4
8815,4
8816,3
8817,1
8818,5
8819,1
8820,0
8821,1
8822,7
8823,1
8824,0
8825,8
8826,4
8827,7
8828,8
8829,1
8830,0
8831,9
8832,7
8833,3
8834,1
8835,9
8836,3
8837,9
8838,5
8839,5
8840,8
8841,7
8842,8
8843,5
8844,7
8845,1
8846,2
8847,2
8848,0
8849,7
8850,3
8851,0
8852,9
8853,5
8854,7
8855,7
8856,2
8857,8
8858,7
8859,9
8860,6
8861,4
8862,3
8863,4
8864,9
8865,8
8866,5
8867,5
8868,0
8869,5
8870,7
8871,2
8872,3
8873,7
8874,5
8875,5
8876,8
8877,8
8878,1
8879,6
8880,8
8881,4
8882,9
8883,7
8884,0
8885,5
8886,9
8887,7
8888,9
8889,4
8890,9
8891,0
8892,2
8893,9
8894,5
8895,7
8896,6
8897,4
8898,1
8899,4
8900,3
8901,1
8902,2
8903,0
8904,6
8905,1
8906,4
8907,8
8908,8
8909,1
8910,3
8911,0
8912,2
8913,9
8914,8
8915,5
8916,7
8917,9
8918,6
8919,8
8920,9
8921,2
8922,5
8923,6
8924,7
8925,4
8926,4
8927,4
8928,1
8929,5
8930,0
8931,1
8932,4
8933,4
8934,4
8935,1
8936,2
8937,9
8938,4
8939,4
8940,1
8941,7
8942,0
8943,7
8944,0
8945,1
8946,6
8947,0
8948,3
8949,6
8950,1
8951,2
8952,5
8953,3
8954,9
8955,6
8956,2
8957,3
8958,0
8959,3
8960,1
8961,1
8962,6
8963,4
8964,9
8965,1
8966,0
8967,6
8968,9
8969,4
8970,4
8971,8
8972,2
8973,7
8974,6
8975,3
8976,7
8977,5
8978,4
8979,0
8980,0
8981,7
8982,6
8983,1
8984,6
8985,6
8986,0
8987,4
8988,2
8989,5
8990,1
8991,3
8992,1
8993,1
8994,0
8995,5
8996,1
8997,8
8998,5
8999,8
9000,8
9001,1
9002,1
9003,7
9004,5
9005,0
9006,1
9007,8
9008,4
9009,8
9010,2
9011,7
9012,1
9013,9
9014,1
9015,4
9016,9
9017,7
9018,0
9019,7
9020,1
9021,0
9022,9
9023,5
9024,3
9025,0
9026,7
9027,0
9028,2
9029,8
9030,0
9031,0
9032,7
9033,8
9034,1
9035,7
9036,0
9037,0
9038,6
9039,0
9040,1
9041,7
9042,1
9043,8
9044,9
9045,3
9046,8
9047,1
9048,2
9049,5
9050,0
9051,5
9052,7
9053,6
9054,4
9055,1
9056,3
9057,1
9058,9
9059,5
9060,7
9061,9
9062,5
9063,9
9064,1
9065,2
9066,5
9067,4
9068,1
9069,4
9070,7
9071,0
9072,8
9073,6
9074,9
9075,6
9076,1
9077,9
9078,3
9079,8
9080,5
9081,1
9082,4
9083,2
9084,9
9085,0
9086,2
9087,8
9088,0
9089,9
9090,7
9091,2
9092,3
9093,9
9094,2
9095,0
9096,9
9097,5
9098,3
9099,3
9100,3
9101,5
9102,5
9103,9
9104,2
9105,3
9106,1
9107,7
9108,2
9109,8
9110,6
9111,6
9112,4
9113,1
9114,0
9115,1
9116,4
9117,5
9118,5
9119,2
9120,9
9121,2
9122,6
9123,6
9124,7
9125,4
9126,2
9127,2
9128,2
9129,5
9130,8
9131,4
9132,9
9133,2
9134,9
9135,9
9136,8
9137,8
9138,8
9139,8
9140,1
9141,5
9142,3
9143,7
9144,2
9145,3
9146,7
9147,5
9148,5
9149,3
9150,8
9151,5
9152,5
9153,6
9154,8
9155,4
9156,4
9157,9
9158,1
9159,8
9160,8
9161,6
9162,5
9163,8
9164,6
9165,4
9166,7
9167,4
9168,1
9169,2
9170,5
9171,7
9172,6
9173,9
9174,1
9175,0
9176,6
9177,4
9178,6
9179,4
9180,4
9181,3
9182,7
9183,8
9184,9
9185,7
9186,0
9187,7
9188,3
9189,1
9190,4
9191,7
9192,9
9193,2
9194,5
9195,2
9196,0
9197,1
9198,1
9199,4
9200,9
9201,3
9202,3
9203,6
9204,5
9205,1
9206,6
9207,0
9208,2
9209,7
9210,4
9211,3
9212,9
9213,1
9214,0
9215,9
9216,3
9217,9
9218,4
9219,3
9220,8
9221,9
9222,4
9223,5
9224,9
9225,3
9226,1
9227,5
9228,1
9229,4
9230,1
9231,0
9232,9
9233,4
9234,3
9235,7
9236,8
9237,1
9238,2
9239,3
9240,6
9241,8
9242,1
9243,3
9244,8
9245,1
9246,2
9247,7
9248,7
9249,5
9250,5
9251,2
9252,5
9253,9
9254,9
9255,2
9256,1
9257,6
9258,0
9259,3
9260,1
9261,3
9262,4
9263,8
9264,6
9265,2
9266,2
9267,6
9268,0
9269,5
9270,7
9271,2
9272,8
9273,5
9274,7
9275,2
9276,1
9277,4
9278,0
9279,9
9280,2
9281,7
9282,0
9283,3
9284,5
9285,4
9286,4
9287,8
9288,0
9289,2
9290,1
9291,7
9292,8
9293,6
9294,3
9295,7
9296,6
9297,8
9298,7
9299,7
9300,1
9301,5
9302,7
9303,1
9304,9
9305,0
9306,6
9307,5
9308,9
9309,9
9310,7
9311,3
9312,6
9313,0
9314,9
9315,7
9316,1
9317,4
9318,2
9319,6
9320,0
9321,8
9322,5
9323,9
9324,7
9325,9
9326,6
9327,7
9328,6
9329,9
9330,6
9331,4
9332,4
9333,5
9334,5
9335,6
9336,5
9337,5
9338,3
9339,8
9340,9
9341,5
9342,9
9343,9
9344,9
9345,7
9346,4
9347,7
9348,0
9349,9
9350,5
9351,3
9352,8
9353,9
9354,2
9355,0
9356,0
9357,8
9358,7
9359,6
9360,5
9361,5
9362,8
9363,1
9364,0
9365,3
9366,3
9367,6
9368,1
9369,8
9370,4
9371,4
9372,8
9373,0
9374,1
9375,1
9376,4
9377,6
9378,9
9379,3
9380,5
9381,2
9382,9
9383,1
9384,5
9385,7
9386,2
9387,1
9388,6
9389,0
9390,7
9391,6
9392,2
9393,2
9394,2
9395,4
9396,7
9397,7
9398,6
9399,0
9400,8
9401,1
9402,8
9403,2
9404,5
9405,1
9406,4
9407,9
9408,9
9409,8
9410,8
9411,3
9412,4
9413,2
9414,4
9415,3
9416,1
9417,9
9418,3
9419,4
9420,6
9421,5
9422,0
9423,0
9424,4
9425,3
9426,9
9427,1
9428,9
9429,6
9430,3
9431,6
9432,7
9433,6
9434,3
9435,6
9436,2
9437,3
9438,5
9439,2
9440,0
9441,6
9442,9
9443,1
9444,2
9445,9
9446,9
9447,7
9448,4
9449,7
9450,2
9451,8
9452,0
9453,6
9454,8
9455,0
9456,1
9457,1
9458,8
9459,1
9460,9
9461,3
9462,1
9463,7
9464,7
9465,0
9466,3
9467,5
9468,0
9469,9
9470,4
9471,9
9472,8
9473,8
9474,8
9475,8
9476,6
9477,8
9478,8
9479,8
9480,5
9481,9
9482,2
9483,0
9484,1
9485,3
9486,1
9487,7
9488,0
9489,3
9490,6
9491,7
9492,9
9493,4
9494,2
9495,6
9496,0
9497,1
9498,1
9499,3
9500,8
9501,7
9502,7
9503,8
9504,2
9505,7
9506,2
9507,8
9508,9
9509,1
9510,2
9511,8
9512,0
9513,3
9514,3
9515,9
9516,9
9517,2
9518,9
9519,6
9520,2
9521,0
9522,3
9523,1
9524,0
9525,5
9526,4
9527,7
9528,2
9529,1
9530,1
9531,9
9532,9
9533,4
9534,8
9535,2
9536,7
9537,5
9538,1
9539,5
9540,4
9541,6
9542,9
9543,4
9544,3
9545,7
9546,5
9547,9
9548,8
9549,1
9550,1
9551,0
9552,2
9553,8
9554,4
9555,3
9556,4
9557,8
9558,3
9559,0
9560,7
9561,7
9562,5
9563,8
9564,1
9565,9
9566,9
9567,5
9568,5
9569,8
9570,5
9571,8
9572,1
9573,2
9574,2
9575,4
9576,2
9577,6
9578,4
9579,3
9580,6
9581,0
9582,8
9583,3
9584,5
9585,1
9586,1
9587,3
9588,8
9589,4
9590,6
9591,4
9592,9
9593,8
9594,9
9595,2
9596,6
9597,3
9598,2
9599,8
9600,7
9601,4
9602,6
9603,3
9604,5
9605,6
9606,5
9607,9
9608,2
9609,9
9610,8
9611,2
9612,2
9613,5
9614,1
9615,6
9616,4
9617,8
9618,3
9619,0
9620,2
9621,8
9622,6
9623,1
9624,3
9625,8
9626,8
9627,6
9628,4
9629,4
9630,7
9631,9
9632,8
9633,1
9634,8
9635,9
9636,9
9637,4
9638,0
9639,9
9640,0
9641,7
9642,1
9643,9
9644,3
9645,0
9646,5
9647,5
9648,2
9649,3
9650,5
9651,6
9652,8
9653,0
9654,9
9655,5
9656,7
9657,7
9658,8
9659,0
9660,4
9661,3
9662,2
9663,6
9664,2
9665,9
9666,3
9667,2
9668,9
9669,6
9670,4
9671,1
9672,9
9673,6
9674,1
9675,1
9676,2
9677,5
9678,7
9679,1
9680,6
9681,4
9682,0
9683,7
9684,9
9685,3
9686,6
9687,5
9688,5
9689,1
9690,9
9691,9
9692,3
9693,6
9694,0
9695,0
9696,7
9697,1
9698,7
9699,5
9700,6
9701,9
9702,2
9703,3
9704,5
9705,6
9706,2
9707,2
9708,2
9709,6
9710,3
9711,8
9712,4
9713,5
9714,1
9715,6
9716,4
9717,7
9718,1
9719,8
9720,8
9721,1
9722,9
9723,3
9724,4
9725,8
9726,7
9727,1
9728,9
9729,4
9730,1
9731,5
9732,7
9733,9
9734,7
9735,9
9736,5
9737,3
9738,9
9739,7
9740,0
9741,9
9742,3
9743,8
9744,2
9745,7
9746,2
9747,5
9748,4
9749,6
9750,1
9751,2
9752,6
9753,5
9754,4
9755,2
9756,0
9757,7
9758,9
9759,3
9760,0
9761,9
9762,3
9763,4
9764,3
9765,2
9766,4
9767,4
9768,2
9769,8
9770,7
9771,1
9772,6
9773,6
9774,6
9775,9
9776,8
9777,6
9778,8
9779,4
9780,0
9781,2
9782,3
9783,4
9784,3
9785,6
9786,5
9787,5
9788,1
9789,6
9790,9
9791,8
9792,6
9793,2
9794,3
9795,4
9796,3
9797,2
9798,8
9799,8
9800,4
9801,6
9802,8
9803,2
9804,0
9805,9
9806,3
9807,0
9808,3
9809,4
9810,9
9811,6
9812,2
9813,2
9814,3
9815,7
9816,0
9817,4
9818,0
9819,3
9820,6
9821,7
9822,2
9823,3
9824,1
9825,0
9826,0
9827,8
9828,7
9829,4
9830,8
9831,2
9832,0
9833,4
9834,6
9835,5
9836,3
9837,7
9838,3
9839,7
9840,7
9841,0
9842,6
9843,7
9844,5
9845,0
9846,8
9847,2
9848,3
9849,7
9850,5
9851,8
9852,0
9853,3
9854,0
9855,6
9856,4
9857,2
9858,8
9859,7
9860,9
9861,2
9862,5
9863,0
9864,6
9865,1
9866,3
9867,9
9868,8
9869,1
9870,2
9871,0
9872,7
9873,0
9874,6
9875,4
9876,9
9877,7
9878,4
9879,6
9880,0
9881,9
9882,0
9883,1
9884,4
9885,6
9886,4
9887,0
9888,7
9889,5
9890,1
9891,5
9892,4
9893,9
9894,4
9895,9
9896,8
9897,2
9898,3
9899,7
9900,0
9901,0
9902,2
9903,6
9904,2
9905,6
9906,6
9907,9
9908,6
9909,2
9910,7
9911,4
9912,1
9913,9
9914,1
9915,5
9916,0
9917,7
9918,1
9919,8
9920,1
9921,4
9922,3
9923,6
9924,9
9925,4
9926,6
9927,3
9928,2
9929,0
9930,2
9931,1
9932,8
9933,0
9934,2
9935,2
9936,4
9937,8
9938,2
9939,4
9940,5
9941,7
9942,9
9943,6
9944,5
9945,9
9946,3
9947,2
9948,0
9949,3
9950,0
9951,3
9952,7
9953,3
9954,9
9955,2
9956,0
9957,1
9958,4
9959,9
9960,1
9961,4
9962,5
9963,1
9964,9
9965,1
9966,8
9967,6
9968,7
9969,6
9970,0
9971,3
9972,3
9973,7
9974,9
9975,7
9976,3
9977,0
9978,5
9979,8
9980,2
9981,4
9982,4
9983,5
9984,8
9985,8
9986,7
9987,8
9988,3
9989,9
9990,9
9991,2
9992,8
9993,1
9994,9
9995,3
9996,6
9997,6
9998,2
9999,6
